Wavelength,Flux,BestFit,SkyFlux
3610.772,1.161,0.927,5.222
3611.602,-1.535,0.935,5.611
3612.435,-2.473,0.942,6.212
3613.266,-0.483,0.946,6.786
3614.099,2.570,0.946,7.084
3614.931,1.637,0.943,7.381
3615.762,3.847,0.938,7.882
3616.596,1.181,0.933,8.283
3617.428,0.736,0.932,8.257
3618.262,0.595,0.937,8.156
3619.095,-2.020,0.948,8.251
3619.929,3.963,0.963,8.398
3620.762,1.055,0.979,8.268
3621.597,2.117,0.994,8.094
3622.430,0.448,1.008,7.255
3623.263,-2.282,1.019,6.623
3624.099,1.416,1.023,6.709
3624.933,5.062,1.017,6.879
3625.769,5.640,0.999,7.149
3626.603,2.645,0.975,7.575
3627.439,1.702,0.949,7.206
3628.273,3.230,0.928,7.038
3629.108,4.353,0.916,7.319
3629.945,5.488,0.917,7.679
3630.780,0.817,0.931,7.785
3631.617,-1.892,0.952,8.862
3632.453,0.805,0.973,9.946
3633.290,1.274,0.991,9.676
3634.126,-3.408,1.002,9.025
3634.962,1.348,1.006,8.043
3635.800,-0.687,1.003,8.405
3636.637,0.633,0.994,9.013
3637.475,2.697,0.983,9.573
3638.312,2.065,0.970,9.322
3639.151,0.187,0.958,7.692
3639.988,-0.157,0.947,6.634
3640.826,2.696,0.941,7.349
3641.665,0.118,0.940,7.658
3642.503,-0.370,0.941,7.439
3643.343,1.921,0.942,6.660
3644.181,2.012,0.943,6.266
3645.022,4.313,0.944,7.110
3645.860,4.125,0.946,8.188
3646.699,0.364,0.949,6.674
3647.540,0.162,0.954,6.420
3648.379,0.155,0.963,9.252
3649.220,-3.920,0.974,11.287
3650.060,0.551,0.985,10.574
3650.901,1.111,0.996,8.790
3651.741,3.385,1.006,6.774
3652.581,2.163,1.013,6.300
3653.424,-0.413,1.016,7.716
3654.264,1.817,1.015,7.257
3655.107,1.803,1.011,6.060
3655.948,1.466,1.005,5.986
3656.791,3.837,0.999,6.279
3657.632,2.464,0.993,5.959
3658.473,0.436,0.989,6.522
3659.317,2.690,0.985,7.327
3660.159,-2.182,0.983,7.382
3661.003,-1.358,0.984,6.894
3661.845,1.306,0.987,7.465
3662.689,0.946,0.989,7.987
3663.532,-0.892,0.988,8.448
3664.375,-0.147,0.986,7.593
3665.220,1.361,0.986,6.426
3666.063,1.590,0.987,5.987
3666.908,2.027,0.987,5.834
3667.752,2.918,0.985,5.182
3668.598,2.919,0.984,4.989
3669.442,1.364,0.984,5.379
3670.286,0.412,0.983,5.403
3671.132,-0.732,0.977,4.592
3671.977,-0.366,0.966,4.206
3672.823,0.001,0.951,4.841
3673.668,0.063,0.936,4.961
3674.516,0.884,0.923,5.241
3675.361,1.537,0.914,4.678
3676.206,2.687,0.909,4.260
3677.054,-0.331,0.908,4.249
3677.900,0.378,0.911,4.194
3678.748,1.237,0.914,3.894
3679.594,-4.390,0.912,4.100
3680.443,0.640,0.904,4.450
3681.290,1.602,0.892,4.110
3682.136,0.536,0.884,3.723
3682.986,-0.712,0.884,3.618
3683.833,-0.258,0.891,3.443
3684.682,1.974,0.902,3.632
3685.530,0.729,0.912,3.733
3686.380,2.530,0.923,3.567
3687.228,1.256,0.934,3.288
3688.078,-0.594,0.945,3.224
3688.927,0.037,0.954,3.820
3689.775,1.488,0.960,4.184
3690.626,0.504,0.959,3.995
3691.475,-1.371,0.953,3.873
3692.326,0.815,0.945,4.195
3693.176,1.693,0.942,4.323
3694.027,0.223,0.948,4.454
3694.877,1.487,0.962,4.078
3695.727,3.499,0.981,4.468
3696.579,0.812,0.995,5.212
3697.430,1.680,0.997,6.084
3698.282,0.884,0.980,6.546
3699.133,-0.487,0.947,6.255
3699.986,3.074,0.907,6.671
3700.837,0.014,0.873,7.080
3701.689,1.544,0.857,7.052
3702.542,1.333,0.866,6.508
3703.394,0.995,0.892,6.508
3704.248,1.412,0.919,6.372
3705.100,0.366,0.933,5.678
3705.955,0.845,0.925,5.939
3706.807,-0.717,0.900,6.533
3707.660,1.676,0.873,5.929
3708.515,2.390,0.856,5.220
3709.368,-1.370,0.861,5.637
3710.224,-3.197,0.894,6.005
3711.077,1.298,0.955,5.180
3711.933,1.947,1.030,4.554
3712.787,1.464,1.096,5.265
3713.641,1.558,1.134,5.760
3714.497,1.008,1.133,5.628
3715.352,-0.196,1.092,5.144
3716.208,2.202,1.021,4.365
3717.063,-0.536,0.938,4.307
3717.921,-1.606,0.868,4.986
3718.776,-1.028,0.832,4.995
3719.631,0.741,0.837,4.333
3720.489,3.458,0.881,3.538
3721.345,-0.119,0.954,3.586
3722.203,1.891,1.038,3.690
3723.059,0.384,1.116,3.930
3723.918,-0.911,1.176,4.558
3724.775,0.613,1.208,5.198
3725.631,0.796,1.210,6.048
3726.491,1.991,1.183,7.011
3727.348,1.786,1.127,7.772
3728.207,1.259,1.043,7.455
3729.065,0.107,0.944,8.563
3729.925,-1.468,0.849,7.791
3730.783,-1.058,0.774,6.174
3731.641,2.954,0.738,5.584
3732.502,0.282,0.749,6.146
3733.360,-0.306,0.807,6.249
3734.221,0.872,0.899,6.562
3735.080,2.578,1.005,6.272
3735.942,5.181,1.108,5.913
3736.801,1.161,1.190,6.316
3737.661,1.623,1.246,7.069
3738.523,2.837,1.273,8.019
3739.383,1.389,1.271,8.748
3740.245,-0.879,1.243,8.159
3741.105,-0.811,1.195,8.787
3741.968,-1.744,1.129,8.535
3742.829,-0.226,1.047,7.744
3743.690,0.123,0.952,7.011
3744.553,0.990,0.857,6.674
3745.415,1.577,0.776,6.389
3746.278,-0.941,0.724,6.343
3747.140,1.189,0.712,6.160
3748.004,0.643,0.744,5.144
3748.867,0.848,0.816,4.985
3749.729,1.946,0.916,5.166
3750.594,1.263,1.024,5.332
3751.456,-0.858,1.123,5.228
3752.322,2.297,1.196,5.114
3753.185,2.309,1.242,4.739
3754.050,2.026,1.263,5.305
3754.914,1.754,1.268,5.801
3755.780,0.539,1.266,5.978
3756.644,-0.472,1.264,5.385
3757.508,0.714,1.268,4.409
3758.374,1.424,1.276,4.095
3759.239,1.753,1.278,4.325
3760.106,0.568,1.267,4.292
3760.971,-0.317,1.240,4.055
3761.838,2.058,1.196,4.160
3762.704,1.357,1.133,3.514
3763.569,0.287,1.051,3.997
3764.437,0.446,0.956,4.084
3765.303,1.668,0.863,3.897
3766.171,2.402,0.786,3.615
3767.038,0.833,0.736,3.459
3767.906,-1.805,0.722,3.721
3768.773,1.353,0.746,3.471
3769.640,1.809,0.804,3.390
3770.510,1.012,0.889,4.345
3771.377,1.634,0.987,4.954
3772.247,0.948,1.087,5.174
3773.114,0.645,1.180,5.312
3773.984,0.498,1.263,4.736
3774.853,0.836,1.338,4.390
3775.721,0.520,1.405,4.468
3776.592,0.699,1.460,4.354
3777.461,3.278,1.502,3.943
3778.332,1.820,1.531,3.908
3779.201,0.873,1.548,4.089
3780.072,0.065,1.550,4.536
3780.942,-0.241,1.537,4.410
3781.812,0.165,1.513,4.477
3782.684,0.615,1.483,4.282
3783.554,2.115,1.449,3.750
3784.426,1.318,1.412,3.818
3785.297,2.236,1.373,4.167
3786.170,1.962,1.336,4.813
3787.041,-0.294,1.298,4.106
3787.912,0.548,1.253,3.241
3788.786,0.662,1.194,3.318
3789.657,0.888,1.120,4.005
3790.531,2.064,1.031,4.456
3791.403,2.137,0.932,4.989
3792.277,0.740,0.832,5.079
3793.150,0.734,0.744,4.720
3794.022,1.436,0.682,4.695
3794.897,0.961,0.657,4.613
3795.770,1.627,0.674,3.924
3796.646,1.848,0.728,3.614
3797.519,0.471,0.812,3.755
3798.395,0.147,0.911,3.809
3799.269,1.546,1.009,3.667
3800.143,1.675,1.094,3.220
3801.019,1.562,1.163,3.636
3801.893,1.525,1.222,3.984
3802.770,0.870,1.275,4.217
3803.645,-0.121,1.325,4.118
3804.522,1.260,1.372,3.988
3805.397,1.390,1.416,3.980
3806.273,2.737,1.453,3.237
3807.150,3.007,1.476,3.055
3808.026,1.567,1.484,3.258
3808.904,2.528,1.476,3.254
3809.780,1.920,1.460,3.430
3810.659,1.999,1.444,3.955
3811.536,1.311,1.438,3.930
3812.412,1.236,1.445,4.467
3813.292,2.286,1.460,4.519
3814.169,1.689,1.477,4.494
3815.048,0.702,1.487,4.938
3815.926,0.922,1.487,4.949
3816.806,1.467,1.474,4.534
3817.684,2.011,1.447,4.060
3818.562,2.121,1.409,4.236
3819.443,0.924,1.365,4.252
3820.322,0.004,1.322,4.321
3821.202,0.664,1.281,4.198
3822.082,1.391,1.237,4.485
3822.963,1.890,1.190,4.423
3823.842,1.535,1.144,4.428
3824.724,-0.159,1.098,3.998
3825.604,2.404,1.050,3.675
3826.484,1.020,0.993,3.301
3827.366,0.949,0.926,4.312
3828.247,1.743,0.850,5.610
3829.130,1.023,0.770,6.726
3830.011,1.120,0.692,7.166
3830.894,1.003,0.625,7.635
3831.775,0.562,0.583,7.096
3832.657,0.066,0.572,7.000
3833.540,0.357,0.592,6.324
3834.422,0.923,0.638,6.129
3835.307,0.186,0.704,6.090
3836.189,1.116,0.782,5.515
3837.073,1.269,0.863,5.399
3837.956,1.136,0.941,5.166
3838.839,0.110,1.014,5.049
3839.724,-0.026,1.082,4.956
3840.608,3.358,1.144,4.710
3841.493,-1.227,1.199,4.951
3842.377,1.017,1.245,5.128
3843.263,1.972,1.282,5.060
3844.147,0.116,1.311,5.219
3845.032,0.259,1.338,5.625
3845.918,2.351,1.364,5.471
3846.803,2.049,1.391,5.152
3847.690,2.567,1.414,4.653
3848.575,1.928,1.432,4.267
3849.463,0.982,1.445,4.354
3850.348,1.431,1.452,4.534
3851.234,1.852,1.453,4.913
3852.122,1.481,1.446,4.621
3853.008,1.969,1.437,4.058
3853.897,1.875,1.430,3.982
3854.783,1.989,1.430,3.817
3855.672,2.685,1.437,3.871
3856.559,1.719,1.448,3.967
3857.446,1.645,1.459,3.815
3858.336,1.078,1.470,3.272
3859.223,0.772,1.481,2.755
3860.113,0.613,1.488,2.940
3861.001,0.191,1.492,3.451
3861.892,0.553,1.491,3.627
3862.780,2.702,1.490,3.890
3863.669,1.546,1.491,4.199
3864.560,1.399,1.490,3.910
3865.449,1.700,1.482,3.620
3866.340,1.058,1.464,3.604
3867.230,2.702,1.436,3.714
3868.121,0.906,1.404,3.737
3869.011,1.450,1.374,3.731
3869.901,1.336,1.349,3.088
3870.794,0.797,1.328,2.781
3871.684,1.132,1.305,2.586
3872.577,0.100,1.281,2.811
3873.468,1.783,1.253,3.019
3874.361,1.870,1.222,3.467
3875.252,1.776,1.187,3.659
3876.144,1.962,1.150,3.426
3877.038,1.303,1.115,3.179
3877.930,0.155,1.080,3.132
3878.824,0.927,1.042,3.262
3879.716,1.312,0.993,3.122
3880.611,0.450,0.930,2.819
3881.504,0.042,0.854,2.889
3882.396,0.867,0.774,2.757
3883.292,0.611,0.695,2.690
3884.185,0.603,0.629,3.006
3885.081,0.728,0.585,2.791
3885.975,0.301,0.570,3.062
3886.871,0.579,0.584,3.143
3887.765,1.518,0.623,3.873
3888.659,0.240,0.681,4.695
3889.556,1.570,0.748,4.770
3890.451,2.279,0.814,4.409
3891.348,0.960,0.874,3.446
3892.243,0.159,0.925,3.264
3893.141,1.351,0.967,3.584
3894.036,1.205,1.002,3.571
3894.934,1.082,1.033,3.231
3895.830,1.305,1.062,3.231
3896.726,1.512,1.089,3.481
3897.625,1.289,1.114,3.259
3898.522,0.931,1.136,3.347
3899.421,1.348,1.158,3.432
3900.318,1.289,1.178,3.526
3901.217,0.806,1.195,4.044
3902.115,1.754,1.213,4.015
3903.012,2.313,1.236,4.090
3903.912,0.816,1.265,4.474
3904.810,0.467,1.298,4.458
3905.711,-0.447,1.330,5.363
3906.609,1.519,1.354,5.630
3907.510,1.510,1.367,5.960
3908.409,0.371,1.368,5.546
3909.308,1.312,1.362,5.848
3910.210,0.994,1.353,6.315
3911.109,1.381,1.345,6.685
3912.011,1.421,1.338,6.539
3912.911,1.838,1.334,6.773
3913.813,1.975,1.332,6.842
3914.714,0.906,1.333,6.825
3915.614,0.481,1.335,5.861
3916.517,2.451,1.339,4.791
3917.418,1.583,1.347,4.517
3918.322,1.594,1.357,4.185
3919.223,2.413,1.367,4.176
3920.127,1.598,1.371,3.919
3921.029,1.865,1.368,3.753
3921.931,1.698,1.354,3.295
3922.835,1.047,1.329,3.013
3923.737,0.847,1.291,3.080
3924.642,0.901,1.240,3.256
3925.545,0.900,1.172,3.227
3926.450,1.773,1.085,3.253
3927.354,1.647,0.977,2.887
3928.257,1.653,0.853,2.516
3929.163,0.893,0.737,2.463
3930.067,0.966,0.664,2.546
3930.973,2.040,0.656,2.588
3931.877,-0.730,0.717,2.617
3932.784,1.377,0.828,2.989
3933.689,0.327,0.953,3.055
3934.594,-0.080,1.066,2.760
3935.501,1.169,1.155,2.303
3936.406,1.182,1.217,2.369
3937.314,1.547,1.255,2.624
3938.220,1.310,1.273,2.838
3939.128,2.218,1.279,3.099
3940.034,1.929,1.278,3.577
3940.941,0.783,1.273,4.123
3941.849,1.478,1.267,4.562
3942.756,3.295,1.260,4.431
3943.665,2.088,1.253,4.838
3944.573,0.864,1.246,4.522
3945.482,1.085,1.237,4.235
3946.390,1.450,1.228,4.427
3947.298,0.723,1.219,4.636
3948.208,0.759,1.211,4.429
3949.116,1.595,1.203,4.101
3950.027,0.955,1.193,3.920
3950.936,0.752,1.178,3.854
3951.847,1.315,1.161,3.747
3952.756,1.313,1.142,3.977
3953.665,1.359,1.122,3.647
3954.577,0.456,1.099,3.624
3955.487,0.822,1.073,3.534
3956.399,0.480,1.046,3.585
3957.309,0.002,1.016,3.458
3958.221,1.527,0.981,3.219
3959.132,2.427,0.938,3.150
3960.045,0.607,0.885,3.569
3960.956,1.462,0.822,3.522
3961.867,1.616,0.749,3.225
3962.781,0.664,0.669,3.164
3963.692,1.321,0.589,2.811
3964.606,0.850,0.519,2.432
3965.518,-0.259,0.472,2.487
3966.433,-0.003,0.459,2.395
3967.345,0.263,0.481,2.435
3968.258,0.178,0.531,2.262
3969.173,0.767,0.597,2.192
3970.086,1.239,0.671,2.285
3971.002,0.052,0.741,2.275
3971.915,1.050,0.804,2.397
3972.831,1.154,0.860,2.375
3973.745,0.196,0.909,2.411
3974.659,1.108,0.953,3.015
3975.576,1.879,0.990,3.361
3976.490,1.955,1.021,3.576
3977.407,1.367,1.049,3.775
3978.322,0.992,1.075,3.937
3979.240,1.511,1.096,3.598
3980.155,2.377,1.114,3.674
3981.071,1.973,1.128,3.595
3981.989,2.195,1.144,3.412
3982.905,0.828,1.162,3.781
3983.823,0.828,1.181,3.900
3984.740,1.724,1.200,3.727
3985.659,0.545,1.218,3.907
3986.576,0.566,1.235,3.680
3987.493,1.756,1.251,3.307
3988.412,1.226,1.265,3.453
3989.330,0.803,1.276,3.778
3990.250,1.464,1.283,3.662
3991.168,1.902,1.283,3.445
3992.088,1.999,1.279,3.528
3993.006,1.987,1.274,3.429
3993.925,0.666,1.272,3.212
3994.846,0.626,1.276,3.525
3995.765,2.077,1.284,3.387
3996.686,2.164,1.295,3.115
3997.606,0.894,1.304,2.998
3998.528,2.076,1.307,3.487
3999.447,1.633,1.301,3.472
4000.368,1.121,1.292,3.764
4001.290,1.242,1.285,3.713
4002.211,0.824,1.285,3.690
4003.133,2.031,1.291,3.623
4004.054,1.472,1.302,3.392
4004.978,1.759,1.317,3.122
4005.899,1.511,1.329,3.673
4006.821,0.400,1.335,3.927
4007.745,0.517,1.336,4.090
4008.666,1.715,1.335,4.532
4009.591,2.465,1.334,4.531
4010.513,1.859,1.336,4.881
4011.438,1.250,1.339,4.586
4012.361,1.164,1.345,4.537
4013.284,1.262,1.352,4.894
4014.209,2.525,1.359,4.629
4015.133,1.701,1.365,4.607
4016.059,1.894,1.366,4.671
4016.983,1.841,1.360,4.155
4017.909,0.705,1.351,4.180
4018.833,0.285,1.345,4.388
4019.758,1.370,1.343,4.482
4020.685,2.866,1.341,4.609
4021.610,2.251,1.339,4.623
4022.537,1.178,1.337,4.856
4023.462,0.864,1.335,5.045
4024.390,0.701,1.331,4.915
4025.316,1.296,1.324,4.483
4026.242,1.718,1.312,4.273
4027.171,2.302,1.299,4.251
4028.097,2.371,1.290,3.637
4029.026,1.858,1.289,3.761
4029.953,1.628,1.295,3.830
4030.882,1.571,1.307,4.040
4031.809,1.008,1.323,3.751
4032.739,2.635,1.340,3.587
4033.667,2.566,1.353,3.873
4034.595,0.603,1.363,4.131
4035.525,1.408,1.368,3.985
4036.453,2.539,1.369,3.681
4037.384,1.277,1.366,3.634
4038.313,1.164,1.357,4.055
4039.244,0.969,1.344,4.413
4040.173,0.455,1.329,4.449
4041.103,1.581,1.317,4.176
4042.035,1.696,1.311,4.771
4042.965,1.492,1.311,5.073
4043.897,1.491,1.315,5.545
4044.827,1.230,1.325,6.173
4045.760,0.739,1.335,7.274
4046.691,0.582,1.340,8.943
4047.622,0.319,1.339,10.053
4048.555,1.235,1.332,8.923
4049.486,1.608,1.321,7.641
4050.420,1.570,1.310,6.116
4051.352,1.191,1.300,5.032
4052.286,0.404,1.295,4.677
4053.218,1.581,1.295,4.667
4054.151,1.171,1.300,4.530
4055.086,1.691,1.305,4.274
4056.019,1.618,1.307,4.478
4056.954,0.340,1.304,3.984
4057.887,0.515,1.298,4.036
4058.823,2.030,1.291,3.814
4059.757,1.136,1.283,4.193
4060.691,1.538,1.274,4.418
4061.627,1.910,1.269,4.495
4062.561,1.139,1.270,4.917
4063.498,1.319,1.274,4.710
4064.433,2.080,1.277,4.890
4065.370,1.933,1.275,5.348
4066.305,1.225,1.269,5.358
4067.241,0.806,1.263,5.370
4068.179,1.037,1.257,5.371
4069.115,1.458,1.250,5.073
4070.053,1.274,1.240,5.161
4070.989,0.996,1.227,4.800
4071.928,0.750,1.214,4.582
4072.865,1.073,1.202,4.485
4073.802,1.525,1.194,4.030
4074.741,1.107,1.188,4.486
4075.679,1.325,1.187,4.855
4076.618,1.760,1.191,5.145
4077.556,1.019,1.195,5.248
4078.497,0.829,1.196,5.186
4079.435,1.432,1.191,4.971
4080.373,0.676,1.182,4.987
4081.314,0.465,1.171,5.157
4082.253,0.676,1.160,5.005
4083.194,1.155,1.149,4.390
4084.134,1.477,1.139,4.168
4085.076,1.495,1.128,4.366
4086.015,1.516,1.116,4.611
4086.955,1.647,1.101,4.347
4087.898,2.240,1.082,4.317
4088.838,1.493,1.058,4.161
4089.781,0.667,1.030,4.243
4090.722,0.863,0.997,3.968
4091.665,0.777,0.961,3.821
4092.606,-0.035,0.921,3.958
4093.548,1.201,0.876,3.808
4094.492,1.377,0.824,3.932
4095.434,0.890,0.771,3.844
4096.378,0.901,0.722,3.780
4097.321,0.583,0.686,3.570
4098.265,0.232,0.669,3.477
4099.208,0.754,0.674,3.579
4100.151,0.608,0.698,3.794
4101.097,1.182,0.738,3.696
4102.040,2.028,0.787,3.706
4102.986,0.370,0.838,3.473
4103.930,0.652,0.886,3.109
4104.876,1.752,0.927,3.088
4105.821,1.260,0.963,3.249
4106.768,0.715,0.994,3.552
4107.712,1.111,1.022,3.452
4108.657,0.978,1.048,3.427
4109.605,2.042,1.074,3.555
4110.550,1.799,1.099,3.390
4111.498,1.069,1.121,3.621
4112.444,1.107,1.138,3.450
4113.392,1.582,1.152,3.332
4114.338,1.377,1.162,3.190
4115.285,2.134,1.169,3.573
4116.234,1.414,1.175,3.782
4117.181,1.381,1.181,3.521
4118.130,1.293,1.191,3.493
4119.078,0.909,1.201,3.348
4120.027,1.977,1.210,3.296
4120.975,0.982,1.215,3.452
4121.923,0.294,1.218,3.588
4122.874,0.221,1.219,3.825
4123.822,0.876,1.219,4.422
4124.773,1.392,1.218,4.067
4125.722,0.709,1.216,4.233
4126.673,2.102,1.215,3.965
4127.623,1.783,1.216,4.104
4128.572,1.020,1.223,4.155
4129.524,1.207,1.233,4.204
4130.474,1.478,1.246,4.038
4131.427,0.451,1.261,4.271
4132.377,1.492,1.275,3.712
4133.330,1.789,1.290,3.743
4134.281,1.385,1.304,4.290
4135.232,1.380,1.315,4.255
4136.186,1.389,1.320,4.234
4137.137,0.286,1.318,4.337
4138.091,1.301,1.310,4.159
4139.043,0.896,1.301,4.165
4139.998,0.834,1.293,4.250
4140.950,1.207,1.290,4.184
4141.903,1.451,1.291,3.775
4142.858,1.962,1.296,3.717
4143.811,0.864,1.302,3.277
4144.766,1.209,1.309,3.589
4145.720,1.645,1.312,3.210
4146.676,1.509,1.312,3.491
4147.630,1.372,1.308,3.439
4148.584,1.569,1.303,3.450
4149.541,1.432,1.297,3.416
4150.495,1.223,1.291,3.515
4151.452,1.501,1.287,3.656
4152.407,1.969,1.285,3.561
4153.365,1.590,1.287,3.443
4154.320,0.210,1.292,3.929
4155.276,1.053,1.298,4.044
4156.234,1.074,1.305,4.435
4157.190,1.260,1.310,4.689
4158.149,1.552,1.315,4.534
4159.106,1.032,1.319,4.226
4160.065,0.157,1.321,4.296
4161.022,0.700,1.322,4.334
4161.979,1.096,1.323,4.330
4162.939,1.028,1.324,4.381
4163.896,1.536,1.322,4.870
4164.857,1.809,1.316,5.313
4165.815,-0.051,1.305,5.946
4166.775,2.198,1.290,5.302
4167.734,1.289,1.276,5.404
4168.693,1.319,1.264,5.429
4169.654,1.850,1.256,5.200
4170.613,1.002,1.251,5.257
4171.575,1.440,1.251,5.315
4172.535,1.045,1.254,4.995
4173.497,1.271,1.260,4.709
4174.457,1.513,1.264,4.827
4175.417,1.745,1.268,4.227
4176.380,1.662,1.274,4.615
4177.341,0.471,1.281,4.540
4178.304,1.426,1.288,4.452
4179.265,0.844,1.295,4.846
4180.229,1.062,1.299,4.792
4181.191,1.580,1.299,4.246
4182.155,1.087,1.298,4.012
4183.117,1.362,1.297,4.147
4184.079,1.433,1.299,3.964
4185.044,1.554,1.301,3.905
4186.007,2.009,1.307,3.863
4186.972,1.714,1.317,3.714
4187.935,0.810,1.328,3.962
4188.901,1.589,1.336,3.333
4189.865,1.458,1.338,3.663
4190.829,2.056,1.334,3.586
4191.795,1.887,1.325,3.492
4192.759,1.535,1.313,3.654
4193.726,1.756,1.301,3.598
4194.691,1.073,1.290,3.869
4195.658,1.736,1.284,3.842
4196.624,0.880,1.283,3.731
4197.589,0.554,1.286,3.510
4198.557,1.201,1.292,3.405
4199.523,1.375,1.299,3.196
4200.491,0.798,1.306,3.350
4201.457,1.120,1.314,3.355
4202.426,0.996,1.320,3.590
4203.393,1.372,1.325,3.265
4204.360,1.615,1.327,3.271
4205.330,1.143,1.329,3.077
4206.297,1.630,1.331,3.348
4207.267,1.824,1.332,3.527
4208.235,1.542,1.331,3.882
4209.205,1.109,1.327,3.725
4210.174,1.653,1.324,3.923
4211.142,2.582,1.319,3.619
4212.113,1.196,1.315,3.445
4213.082,1.599,1.312,3.278
4214.054,0.940,1.312,3.562
4215.023,0.604,1.315,3.552
4215.995,1.249,1.318,3.473
4216.965,1.930,1.320,3.280
4217.935,1.934,1.318,3.347
4218.908,1.215,1.311,3.396
4219.878,1.738,1.298,2.973
4220.851,1.130,1.283,3.190
4221.822,0.331,1.272,3.232
4222.796,1.435,1.268,3.388
4223.767,2.074,1.271,3.121
4224.739,0.170,1.282,3.321
4225.713,0.744,1.296,3.255
4226.685,1.195,1.309,2.968
4227.660,0.852,1.314,2.881
4228.633,1.014,1.310,2.981
4229.608,0.720,1.301,2.902
4230.581,1.009,1.294,3.172
4231.554,1.151,1.291,3.064
4232.530,1.459,1.293,3.378
4233.504,2.029,1.300,3.547
4234.480,2.027,1.307,3.531
4235.454,0.880,1.313,3.483
4236.431,2.003,1.316,3.611
4237.405,1.938,1.319,3.450
4238.380,1.499,1.320,3.254
4239.357,1.281,1.320,3.292
4240.333,1.114,1.317,3.283
4241.310,1.546,1.312,3.159
4242.286,0.742,1.304,3.165
4243.264,1.639,1.296,3.001
4244.241,1.717,1.289,3.234
4245.217,1.108,1.284,3.441
4246.196,1.573,1.286,3.518
4247.173,1.442,1.292,4.408
4248.152,1.380,1.299,4.523
4249.129,1.369,1.304,4.606
4250.109,1.551,1.311,3.947
4251.087,1.465,1.318,3.905
4252.065,1.110,1.322,3.657
4253.045,1.704,1.322,3.710
4254.024,1.319,1.317,3.621
4255.005,1.770,1.311,3.596
4255.984,1.866,1.307,3.698
4256.965,1.498,1.305,3.530
4257.944,1.526,1.307,3.843
4258.926,1.307,1.313,4.008
4259.906,1.363,1.324,3.719
4260.886,1.143,1.335,3.443
4261.869,1.557,1.341,3.587
4262.849,1.631,1.341,3.444
4263.832,0.607,1.334,3.497
4264.813,1.263,1.322,3.736
4265.796,1.706,1.307,3.641
4266.778,1.469,1.293,3.807
4267.759,0.796,1.281,3.737
4268.743,0.710,1.274,3.892
4269.725,1.569,1.274,4.013
4270.710,1.696,1.281,3.694
4271.692,1.645,1.291,3.617
4272.677,1.284,1.303,3.707
4273.660,1.492,1.314,3.854
4274.644,1.882,1.322,3.671
4275.629,1.586,1.325,3.362
4276.613,1.460,1.323,3.687
4277.599,1.273,1.318,3.789
4278.583,1.378,1.312,3.968
4279.570,1.329,1.307,4.089
4280.554,1.173,1.302,3.756
4281.539,1.351,1.297,3.698
4282.526,1.579,1.289,3.491
4283.511,1.360,1.279,3.511
4284.499,1.519,1.268,3.730
4285.485,1.037,1.260,3.502
4286.473,0.991,1.257,3.440
4287.459,2.180,1.257,3.348
4288.446,1.034,1.261,3.306
4289.434,1.620,1.267,3.133
4290.421,1.664,1.272,3.099
4291.411,1.442,1.272,3.193
4292.398,1.232,1.265,3.129
4293.388,0.736,1.254,3.494
4294.375,0.854,1.241,3.669
4295.363,1.506,1.227,3.552
4296.354,1.233,1.214,3.525
4297.342,0.831,1.206,3.586
4298.333,0.955,1.205,3.323
4299.322,1.395,1.210,3.321
4300.313,1.882,1.217,3.121
4301.303,1.284,1.224,3.042
4302.292,1.316,1.227,3.053
4303.284,1.866,1.230,2.769
4304.274,1.492,1.234,2.795
4305.267,0.351,1.236,2.982
4306.257,1.662,1.235,3.181
4307.250,1.150,1.230,3.171
4308.241,0.969,1.224,3.172
4309.232,1.170,1.216,3.366
4310.226,1.337,1.209,3.466
4311.217,1.623,1.203,3.560
4312.212,1.729,1.201,3.589
4313.204,1.130,1.203,3.710
4314.198,1.091,1.206,3.901
4315.191,1.067,1.207,4.361
4316.183,1.009,1.206,4.469
4317.179,1.336,1.200,4.351
4318.172,1.179,1.190,4.445
4319.168,2.097,1.178,4.070
4320.161,0.410,1.165,4.349
4321.157,-0.379,1.154,4.395
4322.152,1.029,1.144,4.099
4323.146,1.688,1.134,3.841
4324.143,1.242,1.123,3.416
4325.137,1.153,1.113,3.411
4326.135,1.312,1.104,3.654
4327.130,1.333,1.091,3.591
4328.128,1.374,1.074,3.450
4329.124,1.690,1.052,3.379
4330.119,1.533,1.025,3.185
4331.118,0.429,0.992,3.610
4332.114,1.091,0.954,3.679
4333.113,1.661,0.909,3.668
4334.110,1.246,0.863,3.362
4335.110,0.931,0.825,3.527
4336.107,-0.106,0.799,3.494
4337.107,0.338,0.790,3.321
4338.105,1.326,0.799,3.491
4339.103,1.281,0.825,3.376
4340.103,0.627,0.864,3.666
4341.102,0.871,0.909,3.600
4342.103,1.090,0.953,3.435
4343.101,0.260,0.990,3.634
4344.103,1.669,1.019,3.547
4345.102,2.087,1.041,3.705
4346.102,0.707,1.057,3.742
4347.104,0.683,1.071,4.004
4348.104,1.102,1.086,4.077
4349.107,1.282,1.103,4.146
4350.107,0.942,1.121,3.981
4351.110,0.608,1.140,3.796
4352.111,0.475,1.160,3.733
4353.113,0.684,1.179,3.548
4354.116,2.044,1.195,3.397
4355.118,1.140,1.207,3.700
4356.122,1.323,1.217,4.427
4357.125,2.436,1.226,6.930
4358.129,1.901,1.235,11.340
4359.132,-0.397,1.245,15.117
4360.135,0.933,1.252,14.196
4361.140,1.010,1.254,10.395
4362.143,1.195,1.253,6.568
4363.149,1.538,1.250,5.037
4364.153,1.578,1.248,4.359
4365.159,1.506,1.248,4.424
4366.164,1.403,1.249,3.733
4367.168,1.661,1.250,3.806
4368.175,1.399,1.250,4.041
4369.180,1.421,1.248,4.096
4370.187,1.744,1.248,3.866
4371.193,1.309,1.251,3.457
4372.201,0.971,1.257,3.428
4373.207,1.486,1.264,3.658
4374.213,1.576,1.273,3.884
4375.221,1.150,1.282,3.995
4376.228,1.170,1.284,3.857
4377.237,1.763,1.278,4.134
4378.244,0.731,1.265,4.279
4379.254,1.216,1.251,4.022
4380.261,1.100,1.240,3.811
4381.269,0.913,1.235,3.915
4382.279,1.455,1.238,3.757
4383.287,1.893,1.245,3.649
4384.298,1.655,1.255,3.473
4385.307,1.647,1.266,3.683
4386.318,1.691,1.273,3.488
4387.327,1.703,1.274,3.451
4388.336,1.851,1.270,3.445
4389.348,1.892,1.265,3.473
4390.358,0.823,1.261,3.490
4391.370,1.621,1.258,3.657
4392.381,1.804,1.256,3.553
4393.393,1.456,1.255,3.654
4394.404,1.247,1.256,3.768
4395.415,0.996,1.259,4.029
4396.429,1.548,1.261,3.690
4397.440,1.274,1.261,3.640
4398.454,1.506,1.261,3.573
4399.466,1.262,1.264,3.455
4400.480,0.926,1.268,3.926
4401.493,2.262,1.273,3.695
4402.505,2.164,1.277,3.932
4403.520,1.539,1.280,4.176
4404.534,1.093,1.283,4.406
4405.549,1.166,1.286,4.360
4406.563,1.079,1.286,4.747
4407.579,0.507,1.283,4.652
4408.593,2.131,1.278,4.775
4409.607,1.436,1.269,4.715
4410.624,0.731,1.259,4.715
4411.638,0.764,1.249,4.544
4412.656,1.052,1.244,4.842
4413.671,1.195,1.245,4.873
4414.689,0.463,1.251,4.950
4415.704,1.507,1.261,4.697
4416.723,1.230,1.272,4.742
4417.739,1.033,1.281,4.813
4418.755,1.454,1.286,4.711
4419.774,0.490,1.288,4.569
4420.791,1.422,1.288,4.294
4421.810,1.259,1.288,4.773
4422.827,0.728,1.289,4.631
4423.847,0.674,1.288,4.554
4424.865,1.331,1.288,4.411
4425.883,1.980,1.287,4.417
4426.903,0.577,1.286,4.758
4427.922,0.615,1.282,4.444
4428.943,1.345,1.278,4.551
4429.962,0.890,1.276,4.694
4430.983,0.323,1.276,4.570
4432.003,1.943,1.279,4.394
4433.022,1.296,1.284,4.342
4434.044,1.552,1.288,4.292
4435.064,1.309,1.289,3.874
4436.087,1.208,1.285,3.890
4437.108,1.301,1.276,3.862
4438.131,0.328,1.267,3.981
4439.152,1.206,1.259,4.477
4440.173,0.459,1.255,4.649
4441.197,1.272,1.256,4.297
4442.219,1.550,1.261,4.031
4443.243,0.348,1.268,3.875
4444.265,0.903,1.274,3.780
4445.290,0.364,1.278,3.910
4446.313,1.126,1.278,4.123
4447.336,0.975,1.274,4.022
4448.361,0.830,1.269,3.767
4449.384,1.492,1.264,3.802
4450.410,1.371,1.262,3.720
4451.434,1.440,1.259,3.753
4452.461,0.794,1.257,3.720
4453.485,1.246,1.256,3.736
4454.510,1.634,1.258,3.590
4455.537,1.055,1.260,3.349
4456.562,1.036,1.263,3.423
4457.589,1.088,1.264,3.498
4458.615,0.996,1.264,3.354
4459.643,1.035,1.263,3.174
4460.669,1.085,1.261,3.412
4461.695,0.999,1.256,3.640
4462.724,0.882,1.251,3.476
4463.751,0.712,1.247,3.782
4464.780,1.619,1.246,3.462
4465.807,1.621,1.250,3.624
4466.837,0.830,1.255,3.485
4467.864,0.664,1.263,3.514
4468.892,1.310,1.270,3.578
4469.923,0.823,1.277,3.510
4470.951,1.221,1.281,3.169
4471.982,1.495,1.282,3.414
4473.011,1.405,1.277,3.752
4474.042,1.334,1.266,3.670
4475.072,1.097,1.252,3.435
4476.101,0.417,1.238,3.834
4477.133,1.550,1.229,3.707
4478.163,1.376,1.228,3.460
4479.196,1.093,1.235,3.399
4480.226,1.653,1.247,3.303
4481.259,0.755,1.260,3.376
4482.290,1.633,1.268,3.341
4483.322,0.652,1.270,3.785
4484.355,0.629,1.267,3.706
4485.387,1.451,1.263,3.756
4486.421,1.348,1.260,3.756
4487.453,0.702,1.259,3.845
4488.488,1.184,1.260,3.475
4489.521,1.367,1.265,3.548
4490.554,1.485,1.272,3.571
4491.589,1.497,1.278,3.529
4492.622,1.504,1.281,3.686
4493.658,1.980,1.281,3.712
4494.692,1.703,1.279,3.891
4495.729,1.399,1.277,3.771
4496.763,1.020,1.276,3.818
4497.800,1.232,1.277,3.684
4498.834,2.041,1.279,3.869
4499.869,1.933,1.282,3.695
4500.907,1.032,1.285,3.669
4501.943,1.210,1.287,3.656
4502.981,1.094,1.286,3.658
4504.017,1.060,1.284,3.518
4505.055,1.447,1.284,3.568
4506.092,1.050,1.284,3.777
4507.128,1.849,1.284,3.762
4508.168,1.441,1.284,3.805
4509.205,1.046,1.283,3.690
4510.244,1.258,1.280,3.744
4511.282,1.565,1.276,3.697
4512.322,1.603,1.273,3.637
4513.360,1.649,1.269,3.606
4514.399,2.182,1.266,3.502
4515.440,1.482,1.262,3.589
4516.478,1.006,1.259,3.658
4517.520,1.739,1.256,3.466
4518.559,1.258,1.254,3.379
4519.601,1.399,1.254,3.512
4520.641,1.382,1.254,3.731
4521.681,0.992,1.252,3.919
4522.724,1.170,1.250,3.847
4523.764,1.588,1.249,4.045
4524.807,0.538,1.248,4.083
4525.848,1.559,1.246,3.739
4526.892,0.528,1.242,3.725
4527.933,0.985,1.239,3.924
4528.975,1.942,1.237,3.871
4530.019,1.295,1.239,3.812
4531.061,1.731,1.244,3.894
4532.106,2.244,1.251,4.118
4533.149,0.978,1.258,4.103
4534.194,0.971,1.265,4.257
4535.237,1.552,1.270,4.028
4536.280,1.436,1.273,4.219
4537.327,2.485,1.273,4.288
4538.370,1.272,1.273,4.194
4539.417,0.752,1.271,4.333
4540.461,1.445,1.269,4.101
4541.508,1.769,1.264,3.877
4542.553,1.024,1.255,4.417
4543.598,0.881,1.243,4.054
4544.646,1.079,1.233,4.171
4545.691,1.482,1.227,4.290
4546.739,1.674,1.224,4.126
4547.785,1.283,1.223,4.401
4548.834,0.858,1.224,4.053
4549.881,1.528,1.227,3.963
4550.927,1.395,1.228,3.480
4551.977,1.698,1.228,3.919
4553.024,1.345,1.229,3.731
4554.074,1.005,1.236,3.759
4555.121,1.418,1.245,3.919
4556.172,1.141,1.253,3.967
4557.220,1.806,1.257,3.752
4558.268,1.198,1.257,3.867
4559.319,1.241,1.256,3.956
4560.368,1.884,1.255,3.623
4561.420,1.861,1.257,3.619
4562.469,1.771,1.259,3.469
4563.521,1.302,1.263,3.458
4564.571,1.766,1.264,3.693
4565.621,0.924,1.263,3.495
4566.674,0.479,1.260,3.717
4567.725,1.836,1.258,3.681
4568.778,0.925,1.256,3.497
4569.829,0.694,1.255,3.688
4570.883,1.203,1.256,3.611
4571.934,1.456,1.257,3.386
4572.989,1.465,1.257,3.404
4574.041,1.610,1.255,3.473
4575.093,1.386,1.251,3.583
4576.148,0.646,1.245,3.379
4577.201,0.925,1.238,3.681
4578.256,1.407,1.231,3.556
4579.309,1.359,1.227,3.787
4580.365,1.121,1.225,3.861
4581.419,1.258,1.227,4.061
4582.473,0.443,1.230,3.786
4583.530,1.078,1.233,3.742
4584.584,1.429,1.235,3.740
4585.641,1.196,1.236,3.838
4586.696,1.496,1.238,4.082
4587.754,1.767,1.241,3.746
4588.809,1.032,1.245,3.829
4589.865,1.612,1.249,3.565
4590.923,1.189,1.252,3.771
4591.980,0.799,1.254,3.878
4593.038,1.919,1.256,3.710
4594.095,1.068,1.256,3.504
4595.154,1.385,1.256,3.490
4596.212,1.194,1.256,3.501
4597.269,1.203,1.257,3.482
4598.329,1.230,1.256,3.428
4599.387,0.798,1.256,3.453
4600.447,1.260,1.257,3.400
4601.506,1.642,1.259,3.483
4602.567,0.768,1.260,3.191
4603.626,0.738,1.260,3.271
4604.685,1.519,1.260,3.543
4605.747,1.560,1.260,3.340
4606.806,1.399,1.260,3.360
4607.868,1.550,1.259,3.358
4608.928,0.847,1.257,3.558
4609.991,1.056,1.254,3.627
4611.052,1.428,1.250,3.599
4612.113,0.901,1.245,3.421
4613.176,1.970,1.241,3.260
4614.237,0.471,1.238,3.293
4615.301,0.978,1.237,3.291
4616.363,1.283,1.239,3.318
4617.428,0.964,1.242,3.356
4618.490,1.548,1.247,3.357
4619.552,1.389,1.250,3.349
4620.618,1.088,1.252,3.463
4621.681,1.639,1.251,3.220
4622.746,1.776,1.248,3.317
4623.810,1.361,1.244,3.306
4624.876,1.239,1.242,3.478
4625.940,1.116,1.240,3.415
4627.004,1.169,1.238,3.475
4628.071,1.166,1.237,3.382
4629.136,1.346,1.237,3.299
4630.203,1.512,1.238,3.175
4631.268,1.292,1.237,3.288
4632.336,1.068,1.237,3.242
4633.402,1.133,1.239,3.255
4634.468,1.016,1.243,3.299
4635.537,1.448,1.246,3.388
4636.603,1.847,1.247,3.129
4637.672,1.258,1.248,3.196
4638.739,1.017,1.247,3.066
4639.809,1.308,1.245,3.110
4640.876,0.950,1.241,3.215
4641.944,0.635,1.238,3.180
4643.014,0.990,1.236,3.684
4644.082,1.660,1.236,3.625
4645.153,1.779,1.236,3.408
4646.222,1.136,1.237,3.062
4647.293,1.272,1.237,3.149
4648.362,1.373,1.238,3.142
4649.432,1.064,1.237,2.976
4650.504,1.189,1.237,3.410
4651.574,1.999,1.237,3.438
4652.646,1.463,1.237,3.312
4653.717,1.551,1.238,3.368
4654.790,1.533,1.239,3.280
4655.861,1.010,1.240,3.432
4656.934,0.700,1.241,3.535
4658.006,0.673,1.241,3.737
4659.077,1.093,1.237,3.892
4660.152,0.618,1.231,4.091
4661.224,1.191,1.224,4.132
4662.299,1.957,1.219,3.933
4663.371,0.901,1.216,4.106
4664.446,1.114,1.215,3.970
4665.520,1.358,1.217,3.956
4666.593,1.671,1.220,3.898
4667.669,1.420,1.224,3.873
4668.743,0.739,1.229,3.789
4669.819,0.535,1.232,3.957
4670.894,0.816,1.234,3.744
4671.971,0.438,1.234,3.956
4673.046,0.840,1.234,3.966
4674.121,1.569,1.233,3.830
4675.198,1.751,1.232,4.027
4676.274,1.448,1.232,4.017
4677.352,1.593,1.233,4.057
4678.428,1.671,1.233,4.042
4679.507,1.717,1.235,3.508
4680.584,1.603,1.236,3.675
4681.660,1.270,1.236,3.724
4682.740,1.016,1.235,3.666
4683.817,1.301,1.235,3.623
4684.897,1.180,1.233,3.780
4685.975,1.234,1.232,3.819
4687.056,1.304,1.232,3.616
4688.134,1.314,1.231,3.762
4689.212,1.345,1.231,3.595
4690.294,1.014,1.230,3.429
4691.373,1.413,1.229,3.529
4692.454,1.178,1.228,3.623
4693.534,1.135,1.226,3.395
4694.616,1.146,1.224,3.425
4695.696,0.557,1.220,3.488
4696.777,1.478,1.216,3.505
4697.860,1.464,1.213,3.374
4698.940,0.700,1.211,3.123
4700.024,0.866,1.211,3.113
4701.105,1.570,1.211,3.306
4702.189,1.116,1.212,3.206
4703.271,0.703,1.214,3.341
4704.353,1.336,1.215,3.354
4705.438,0.923,1.217,3.445
4706.520,1.158,1.217,3.521
4707.606,1.772,1.218,3.460
4708.689,0.878,1.220,3.558
4709.774,1.336,1.221,3.703
4710.858,1.110,1.221,3.742
4711.942,1.496,1.220,3.585
4713.028,1.267,1.220,3.451
4714.112,0.492,1.222,3.403
4715.199,0.941,1.224,3.515
4716.284,1.588,1.226,3.264
4717.372,1.258,1.226,3.372
4718.457,0.788,1.227,3.382
4719.542,1.127,1.227,3.359
4720.631,1.522,1.226,3.557
4721.717,0.880,1.224,3.478
4722.805,1.073,1.221,3.257
4723.892,1.051,1.218,3.357
4724.981,1.371,1.215,3.304
4726.068,1.557,1.213,3.270
4727.155,1.417,1.211,3.140
4728.246,1.445,1.211,3.370
4729.333,1.482,1.211,3.507
4730.424,1.508,1.212,3.635
4731.512,0.887,1.213,3.621
4732.603,0.743,1.215,3.654
4733.692,1.199,1.215,3.591
4734.781,1.194,1.216,3.706
4735.873,1.571,1.216,3.593
4736.962,1.802,1.217,3.545
4738.054,1.098,1.218,3.701
4739.144,0.939,1.219,3.810
4740.237,1.305,1.219,3.957
4741.328,0.670,1.219,3.886
4742.421,0.695,1.218,3.965
4743.512,1.277,1.218,3.942
4744.603,0.901,1.218,4.085
4745.697,0.803,1.218,3.855
4746.789,1.292,1.217,3.525
4747.884,1.047,1.217,3.248
4748.976,1.120,1.217,3.093
4750.071,1.250,1.216,2.999
4751.164,1.067,1.216,3.227
4752.257,0.770,1.217,3.303
4753.353,0.800,1.217,3.541
4754.446,1.111,1.216,3.673
4755.543,0.682,1.215,3.376
4756.637,0.668,1.213,3.149
4757.734,1.219,1.210,3.053
4758.828,1.670,1.208,2.938
4759.923,1.633,1.207,3.173
4761.020,1.377,1.207,3.303
4762.116,1.227,1.208,3.094
4763.214,1.178,1.211,3.066
4764.310,1.053,1.214,3.027
4765.408,1.275,1.216,3.007
4766.504,1.471,1.218,2.981
4767.601,0.918,1.219,2.906
4768.700,1.214,1.221,3.012
4769.797,1.566,1.222,2.890
4770.897,1.423,1.224,2.984
4771.995,1.316,1.226,2.959
4773.095,1.394,1.227,2.989
4774.193,1.213,1.227,3.148
4775.292,1.368,1.228,3.067
4776.393,1.296,1.228,3.194
4777.492,2.164,1.228,3.391
4778.593,1.467,1.227,3.571
4779.693,-0.008,1.225,3.481
4780.795,1.573,1.224,3.300
4781.895,1.214,1.224,3.324
4782.995,1.133,1.224,3.155
4784.098,1.358,1.224,3.050
4785.198,1.304,1.224,3.058
4786.302,0.994,1.225,3.020
4787.403,0.982,1.227,3.187
4788.507,1.208,1.229,3.088
4789.608,1.525,1.230,3.060
4790.710,0.955,1.230,3.234
4791.815,1.091,1.229,3.178
4792.917,1.756,1.229,3.270
4794.022,0.813,1.228,3.148
4795.125,1.306,1.226,3.235
4796.231,0.830,1.225,3.322
4797.334,1.111,1.222,3.156
4798.438,1.466,1.220,3.007
4799.545,1.290,1.219,3.268
4800.649,1.584,1.218,3.123
4801.756,1.277,1.218,3.101
4802.860,0.697,1.218,3.059
4803.968,1.234,1.219,3.184
4805.073,1.430,1.221,2.907
4806.178,0.916,1.222,3.040
4807.287,1.402,1.222,3.101
4808.393,0.885,1.223,3.064
4809.501,0.949,1.224,3.107
4810.608,1.093,1.225,3.130
4811.717,1.489,1.225,3.110
4812.824,1.775,1.225,3.142
4813.931,1.007,1.224,3.249
4815.041,1.003,1.222,3.216
4816.149,0.988,1.218,3.353
4817.260,0.670,1.213,3.717
4818.368,1.041,1.209,3.724
4819.479,1.667,1.205,4.049
4820.588,0.894,1.202,3.821
4821.697,1.286,1.201,3.966
4822.809,1.798,1.201,4.009
4823.918,1.564,1.202,3.719
4825.030,1.242,1.203,3.695
4826.140,1.198,1.203,3.610
4827.253,0.757,1.202,3.715
4828.364,0.505,1.200,4.084
4829.477,1.475,1.197,3.809
4830.588,1.446,1.194,3.760
4831.699,1.039,1.191,3.771
4832.814,1.042,1.187,3.576
4833.925,0.627,1.184,3.927
4835.040,1.424,1.180,3.939
4836.152,0.930,1.176,3.980
4837.268,1.228,1.172,3.662
4838.380,1.762,1.168,3.717
4839.493,1.555,1.162,3.756
4840.609,1.446,1.154,3.745
4841.723,0.636,1.146,3.893
4842.840,1.506,1.137,3.763
4843.954,1.320,1.128,3.534
4845.071,0.971,1.120,3.572
4846.185,1.437,1.110,3.643
4847.300,0.786,1.098,3.739
4848.418,0.441,1.084,3.778
4849.533,1.309,1.070,3.397
4850.652,1.090,1.052,3.464
4851.767,0.539,1.030,3.325
4852.886,0.766,1.003,3.421
4854.003,0.705,0.975,3.347
4855.119,0.984,0.950,3.412
4856.239,1.041,0.932,3.136
4857.356,0.770,0.925,3.150
4858.476,0.589,0.928,3.053
4859.594,0.596,0.942,3.132
4860.714,0.345,0.965,3.719
4861.833,0.269,0.993,4.270
4862.951,0.625,1.019,4.372
4864.072,0.873,1.041,3.781
4865.191,1.106,1.058,3.270
4866.313,1.461,1.071,3.132
4867.433,1.491,1.083,3.144
4868.555,1.142,1.092,3.406
4869.675,1.086,1.101,3.296
4870.796,0.885,1.110,3.185
4871.919,1.094,1.119,3.106
4873.039,1.452,1.129,3.014
4874.163,0.516,1.137,3.043
4875.284,0.860,1.144,3.179
4876.409,1.093,1.150,3.182
4877.531,1.143,1.155,3.108
4878.653,1.058,1.160,3.306
4879.778,1.112,1.163,3.455
4880.900,1.713,1.166,3.501
4882.026,1.498,1.166,3.532
4883.149,1.207,1.166,3.479
4884.275,1.229,1.167,3.565
4885.398,1.073,1.168,3.349
4886.522,0.715,1.172,3.479
4887.649,1.091,1.176,3.532
4888.774,1.433,1.180,3.303
4889.901,1.377,1.185,3.471
4891.026,0.809,1.191,3.547
4892.154,0.584,1.196,3.687
4893.279,1.109,1.199,3.715
4894.405,1.344,1.199,3.427
4895.533,1.130,1.199,3.370
4896.660,1.048,1.198,3.444
4897.789,1.501,1.197,3.384
4898.916,1.751,1.198,3.103
4900.045,1.324,1.200,3.102
4901.172,1.137,1.200,3.176
4902.300,1.417,1.200,3.211
4903.430,1.434,1.200,3.286
4904.558,1.073,1.199,3.323
4905.689,1.024,1.199,3.416
4906.818,1.290,1.199,3.512
4907.950,0.769,1.199,3.439
4909.079,0.684,1.200,3.322
4910.208,0.453,1.200,3.331
4911.340,0.729,1.199,3.282
4912.470,1.076,1.197,3.371
4913.603,1.051,1.193,3.313
4914.733,1.329,1.188,3.274
4915.867,0.817,1.182,3.245
4916.997,1.345,1.177,3.325
4918.131,0.951,1.175,3.382
4919.263,0.488,1.177,3.301
4920.394,1.207,1.182,2.950
4921.529,1.193,1.188,2.795
4922.661,1.398,1.195,3.044
4923.796,0.843,1.200,3.169
4924.929,0.949,1.202,3.288
4926.065,1.226,1.201,3.165
4927.198,0.940,1.198,3.453
4928.331,1.311,1.195,3.154
4929.468,0.664,1.193,3.356
4930.602,0.697,1.191,3.178
4931.739,1.279,1.190,3.210
4932.873,1.355,1.191,3.381
4934.011,0.932,1.193,3.417
4935.146,1.365,1.196,3.165
4936.281,1.041,1.199,3.232
4937.420,1.598,1.201,3.301
4938.556,1.283,1.203,3.615
4939.694,0.975,1.205,3.601
4940.831,1.631,1.206,3.302
4941.970,0.881,1.206,3.196
4943.107,1.324,1.205,3.375
4944.244,1.290,1.205,3.438
4945.384,0.898,1.204,3.172
4946.522,0.851,1.204,3.052
4947.663,1.208,1.203,3.079
4948.801,1.287,1.200,3.215
4949.942,1.392,1.196,3.434
4951.081,1.460,1.191,3.299
4952.220,1.357,1.188,3.492
4953.362,1.235,1.187,3.574
4954.501,1.297,1.188,3.700
4955.644,1.335,1.190,3.611
4956.784,0.862,1.195,3.474
4957.927,0.786,1.199,3.071
4959.067,1.172,1.202,3.252
4960.208,1.371,1.202,3.501
4961.352,1.144,1.199,3.368
4962.493,1.294,1.197,3.162
4963.638,1.473,1.196,3.246
4964.779,1.356,1.196,3.389
4965.924,0.726,1.196,3.472
4967.067,0.936,1.197,3.594
4968.209,1.968,1.198,3.500
4969.355,0.812,1.199,3.696
4970.498,1.641,1.200,3.583
4971.644,0.984,1.199,3.764
4972.788,0.875,1.198,3.894
4973.935,1.425,1.194,3.752
4975.079,1.149,1.189,4.010
4976.224,1.256,1.184,4.015
4977.371,1.629,1.179,3.921
4978.516,0.801,1.175,4.166
4979.664,0.841,1.174,4.436
4980.810,1.510,1.175,4.476
4981.958,1.082,1.178,4.611
4983.104,0.556,1.181,4.361
4984.251,1.516,1.184,4.479
4985.400,1.163,1.186,4.429
4986.547,0.739,1.186,4.159
4987.697,1.185,1.186,4.219
4988.844,1.441,1.186,4.527
4989.995,0.474,1.187,4.212
4991.143,1.513,1.188,3.988
4992.291,1.101,1.188,3.874
4993.442,0.935,1.186,3.928
4994.591,1.181,1.184,3.696
4995.743,0.730,1.181,3.837
4996.892,1.123,1.178,3.564
4998.044,1.129,1.174,3.412
4999.194,1.162,1.170,3.301
5000.344,1.142,1.169,3.340
5001.497,1.124,1.170,3.403
5002.648,1.282,1.172,3.331
5003.801,1.393,1.172,3.353
5004.952,1.299,1.173,3.327
5006.106,1.142,1.173,3.555
5007.258,1.366,1.173,3.894
5008.413,1.293,1.173,4.041
5009.565,0.636,1.170,3.807
5010.717,1.157,1.164,3.160
5011.873,0.871,1.159,3.208
5013.026,1.497,1.155,3.052
5014.182,1.586,1.154,2.843
5015.335,1.058,1.155,2.949
5016.492,1.127,1.158,3.263
5017.646,1.126,1.162,3.085
5018.800,1.167,1.168,3.036
5019.958,1.622,1.172,3.090
5021.112,1.267,1.175,3.217
5022.270,0.913,1.176,3.317
5023.426,1.610,1.176,3.085
5024.584,1.116,1.176,3.022
5025.740,1.637,1.176,3.020
5026.896,1.420,1.177,2.932
5028.055,1.178,1.177,2.791
5029.212,1.467,1.176,3.081
5030.372,1.731,1.176,2.917
5031.529,1.486,1.174,2.904
5032.689,0.671,1.172,3.082
5033.847,1.210,1.168,3.205
5035.005,1.211,1.164,3.023
5036.166,0.859,1.163,2.988
5037.325,1.541,1.163,2.909
5038.486,1.072,1.165,2.956
5039.645,1.122,1.168,2.793
5040.807,0.822,1.171,2.806
5041.967,1.201,1.174,2.858
5043.127,1.482,1.175,2.800
5044.290,0.695,1.173,3.006
5045.450,1.517,1.170,3.054
5046.614,0.378,1.168,3.073
5047.775,1.075,1.167,3.081
5048.939,1.508,1.167,2.761
5050.100,1.022,1.167,2.776
5051.262,1.288,1.169,2.765
5052.427,1.131,1.172,2.596
5053.589,1.688,1.175,2.701
5054.754,1.232,1.178,2.942
5055.917,1.276,1.179,3.078
5057.083,1.520,1.179,3.042
5058.247,0.749,1.179,2.986
5059.410,1.559,1.177,2.804
5060.577,1.487,1.174,2.860
5061.741,1.549,1.172,2.815
5062.908,1.669,1.170,2.897
5064.073,1.410,1.169,2.983
5065.241,1.086,1.169,3.146
5066.406,1.568,1.168,3.114
5067.572,1.334,1.168,3.076
5068.740,1.153,1.168,3.129
5069.906,1.437,1.167,3.312
5071.075,1.513,1.166,3.381
5072.242,1.056,1.165,3.177
5073.412,1.615,1.164,2.984
5074.579,1.193,1.164,2.967
5075.746,1.470,1.164,3.054
5076.917,1.362,1.164,3.064
5078.084,1.024,1.164,2.891
5079.255,1.633,1.165,2.945
5080.424,1.326,1.167,3.152
5081.595,1.425,1.169,3.500
5082.764,1.356,1.171,3.695
5083.934,1.084,1.172,4.029
5085.106,1.282,1.172,4.133
5086.276,1.950,1.173,4.206
5087.449,1.339,1.173,4.152
5088.619,1.429,1.173,4.102
5089.793,1.581,1.171,3.726
5090.964,1.281,1.169,3.322
5092.135,0.752,1.167,3.204
5093.309,0.667,1.165,3.030
5094.481,1.247,1.164,2.919
5095.655,0.967,1.163,3.055
5096.828,1.203,1.164,3.195
5098.003,1.358,1.166,3.219
5099.176,1.078,1.167,3.098
5100.352,1.157,1.169,3.295
5101.525,1.665,1.169,3.365
5102.699,1.331,1.169,3.305
5103.875,1.244,1.168,2.932
5105.049,1.119,1.168,2.971
5106.227,1.081,1.167,2.819
5107.401,1.414,1.168,2.831
5108.579,0.507,1.169,2.745
5109.754,1.153,1.171,2.819
5110.930,1.325,1.172,2.769
5112.108,0.970,1.173,2.905
5113.284,0.760,1.172,2.939
5114.463,0.894,1.170,3.058
5115.640,1.503,1.168,2.964
5116.820,1.244,1.166,2.963
5117.997,1.137,1.164,3.058
5119.174,0.888,1.162,2.990
5120.355,0.747,1.160,3.127
5121.533,1.352,1.158,2.850
5122.714,1.053,1.157,2.825
5123.892,0.614,1.157,2.782
5125.074,1.087,1.157,2.629
5126.253,1.533,1.158,2.653
5127.432,1.347,1.157,2.665
5128.614,1.194,1.157,2.861
5129.794,1.409,1.157,2.911
5130.977,1.039,1.156,2.852
5132.157,1.078,1.154,3.102
5133.341,1.445,1.153,2.936
5134.522,1.511,1.151,3.169
5135.703,1.204,1.151,3.166
5136.887,1.312,1.152,3.239
5138.069,0.782,1.153,3.261
5139.254,1.228,1.154,3.140
5140.436,1.241,1.156,2.981
5141.621,0.731,1.157,3.085
5142.804,1.360,1.157,3.178
5143.987,1.118,1.157,3.198
5145.174,1.260,1.157,3.217
5146.357,1.284,1.157,3.172
5147.544,1.087,1.156,3.193
5148.728,1.049,1.156,3.339
5149.915,1.315,1.157,3.457
5151.100,1.209,1.157,3.476
5152.285,1.318,1.157,3.497
5153.473,0.949,1.158,3.760
5154.659,0.803,1.159,3.705
5155.847,0.912,1.158,3.624
5157.034,0.541,1.157,3.572
5158.223,1.070,1.154,3.482
5159.409,1.194,1.149,3.287
5160.596,0.960,1.141,3.185
5161.786,0.951,1.133,3.159
5162.974,1.173,1.126,3.030
5164.164,1.213,1.120,3.147
5165.352,1.485,1.117,3.067
5166.544,1.119,1.118,2.838
5167.732,1.374,1.124,2.710
5168.921,1.144,1.133,2.662
5170.113,0.679,1.142,2.774
5171.302,1.565,1.149,2.546
5172.495,0.742,1.154,2.729
5173.685,1.176,1.157,2.576
5174.878,0.827,1.157,2.748
5176.068,0.869,1.152,2.744
5177.259,1.648,1.146,2.873
5178.453,1.163,1.140,3.056
5179.644,1.000,1.136,2.935
5180.838,1.314,1.134,2.805
5182.030,1.045,1.133,2.623
5183.225,1.083,1.134,2.535
5184.418,1.629,1.135,2.478
5185.610,1.358,1.136,2.512
5186.806,1.038,1.136,3.005
5187.999,1.733,1.136,3.360
5189.196,1.448,1.137,3.649
5190.389,1.380,1.137,3.752
5191.586,1.869,1.138,3.306
5192.781,1.073,1.139,3.033
5193.978,0.891,1.141,3.233
5195.173,1.072,1.142,3.027
5196.368,1.326,1.142,3.441
5197.566,1.195,1.142,5.411
5198.762,0.998,1.142,7.222
5199.961,1.460,1.140,8.989
5201.157,1.368,1.138,7.561
5202.357,1.364,1.137,5.793
5203.553,0.741,1.137,4.931
5204.750,0.386,1.139,4.168
5205.951,0.854,1.142,3.046
5207.148,1.190,1.144,2.941
5208.349,1.187,1.146,2.840
5209.547,0.997,1.146,3.006
5210.748,1.288,1.146,3.148
5211.947,1.256,1.146,3.114
5213.146,0.947,1.147,3.040
5214.348,1.481,1.148,2.929
5215.548,0.908,1.149,2.976
5216.751,1.060,1.150,3.121
5217.951,1.076,1.148,3.320
5219.154,0.985,1.143,3.355
5220.355,1.133,1.137,3.462
5221.556,1.176,1.132,3.694
5222.760,0.966,1.130,3.394
5223.961,0.794,1.128,3.613
5225.166,0.837,1.127,3.843
5226.368,0.891,1.127,3.777
5227.573,0.896,1.128,3.121
5228.776,1.113,1.129,2.863
5229.978,1.364,1.129,2.722
5231.184,1.103,1.130,3.309
5232.388,1.253,1.132,3.379
5233.594,1.397,1.135,3.226
5234.798,1.083,1.138,3.122
5236.006,0.943,1.141,2.936
5237.210,1.077,1.144,3.299
5238.415,1.518,1.145,3.695
5239.623,0.912,1.145,4.259
5240.828,0.466,1.145,4.074
5242.037,1.011,1.144,3.558
5243.243,1.125,1.144,3.091
5244.452,1.139,1.143,2.928
5245.658,0.987,1.142,2.974
5246.865,0.881,1.141,2.871
5248.075,1.305,1.140,2.979
5249.282,1.776,1.139,2.967
5250.493,1.161,1.140,3.380
5251.701,1.075,1.140,3.230
5252.912,1.324,1.139,3.039
5254.120,1.066,1.137,3.128
5255.329,1.015,1.133,3.401
5256.541,1.466,1.130,4.143
5257.750,1.291,1.126,4.272
5258.962,1.220,1.121,3.959
5260.172,1.255,1.116,3.520
5261.385,0.897,1.112,3.172
5262.595,0.972,1.110,2.937
5263.806,1.446,1.110,2.837
5265.020,0.858,1.111,2.595
5266.231,1.077,1.113,2.581
5267.446,0.583,1.113,2.583
5268.657,0.808,1.114,2.763
5269.872,1.296,1.116,2.722
5271.085,1.184,1.119,2.972
5272.297,1.166,1.120,3.195
5273.513,1.069,1.121,3.042
5274.726,1.661,1.122,3.262
5275.942,1.389,1.123,3.551
5277.156,1.289,1.124,3.973
5278.373,1.836,1.125,3.388
5279.587,1.027,1.126,3.276
5280.805,1.212,1.127,2.975
5282.020,1.500,1.130,2.998
5283.235,1.176,1.133,2.957
5284.453,0.901,1.136,2.926
5285.669,1.039,1.137,2.964
5286.888,0.777,1.137,3.172
5288.104,0.817,1.136,3.097
5289.323,1.275,1.135,3.088
5290.540,1.343,1.133,3.284
5291.757,1.111,1.132,3.050
5292.977,1.041,1.131,3.153
5294.195,1.102,1.129,3.157
5295.416,1.313,1.128,3.199
5296.634,1.424,1.128,3.311
5297.856,0.952,1.127,3.496
5299.074,0.751,1.126,3.459
5300.293,1.241,1.123,3.700
5301.516,1.127,1.122,3.571
5302.735,0.687,1.125,3.381
5303.958,1.290,1.128,3.259
5305.178,1.223,1.129,3.121
5306.402,0.790,1.129,3.163
5307.622,1.119,1.127,3.373
5308.843,1.453,1.123,3.054
5310.067,0.784,1.119,3.357
5311.289,0.845,1.118,3.390
5312.514,1.211,1.117,3.422
5313.736,1.328,1.118,3.594
5314.961,1.316,1.119,3.728
5316.184,1.504,1.120,3.442
5317.407,1.306,1.121,3.306
5318.633,1.205,1.119,3.279
5319.857,1.126,1.116,3.159
5321.083,0.957,1.112,3.326
5322.308,0.988,1.109,3.591
5323.535,1.547,1.108,3.510
5324.760,1.380,1.109,3.543
5325.985,0.789,1.111,3.444
5327.213,0.862,1.113,3.590
5328.438,1.378,1.115,3.189
5329.667,1.385,1.116,3.133
5330.893,0.798,1.115,3.619
5332.122,0.910,1.113,3.724
5333.349,0.776,1.111,3.478
5334.576,1.103,1.111,3.561
5335.806,1.275,1.112,3.294
5337.033,0.830,1.113,3.457
5338.264,1.147,1.115,3.304
5339.492,1.118,1.116,3.342
5340.724,1.453,1.117,3.172
5341.952,0.932,1.118,3.378
5343.181,0.550,1.118,3.501
5344.413,1.285,1.117,3.711
5345.643,1.179,1.118,3.490
5346.875,0.747,1.119,3.384
5348.105,0.971,1.120,3.475
5349.339,0.933,1.120,3.521
5350.569,0.802,1.121,3.970
5351.800,1.015,1.121,3.925
5353.034,0.893,1.120,3.539
5354.266,1.524,1.119,3.415
5355.500,0.812,1.116,3.543
5356.732,0.932,1.113,4.010
5357.968,1.568,1.111,3.839
5359.200,1.248,1.108,3.609
5360.433,1.153,1.106,3.300
5361.669,0.978,1.105,3.239
5362.903,1.326,1.103,3.115
5364.139,1.169,1.103,3.127
5365.373,1.010,1.103,3.044
5366.611,1.450,1.105,3.167
5367.845,1.029,1.107,3.256
5369.080,0.610,1.109,3.228
5370.318,1.018,1.111,3.131
5371.554,1.168,1.112,2.956
5372.792,0.879,1.112,2.980
5374.028,0.875,1.111,3.269
5375.268,1.160,1.108,3.447
5376.504,0.574,1.106,3.723
5377.744,0.916,1.106,3.466
5378.981,1.156,1.106,3.631
5380.218,0.954,1.106,3.373
5381.459,0.841,1.108,3.385
5382.697,0.717,1.109,3.178
5383.938,1.108,1.110,3.149
5385.177,1.054,1.110,3.281
5386.419,1.359,1.108,3.122
5387.658,1.532,1.106,3.366
5388.897,1.003,1.105,3.604
5390.140,1.276,1.104,3.359
5391.380,1.302,1.103,3.370
5392.623,1.097,1.102,3.421
5393.864,0.962,1.101,3.435
5395.108,1.045,1.100,3.489
5396.349,1.217,1.098,3.102
5397.590,1.193,1.096,3.134
5398.835,1.096,1.095,3.352
5400.077,0.926,1.095,3.179
5401.322,1.261,1.094,3.114
5402.565,1.268,1.093,3.256
5403.810,0.553,1.094,3.352
5405.054,1.163,1.095,2.796
5406.297,1.063,1.095,3.073
5407.544,0.998,1.096,3.159
5408.788,1.179,1.096,3.363
5410.035,1.493,1.096,3.061
5411.280,1.548,1.097,3.224
5412.527,0.881,1.097,3.121
5413.773,1.091,1.097,3.374
5415.018,1.881,1.096,3.431
5416.267,1.693,1.096,3.678
5417.513,1.273,1.095,3.711
5418.762,1.709,1.094,3.523
5420.008,1.110,1.093,3.708
5421.258,0.883,1.092,3.731
5422.505,1.063,1.091,3.653
5423.753,1.078,1.092,3.644
5425.004,0.816,1.092,3.520
5426.252,0.740,1.092,3.577
5427.503,1.157,1.092,3.506
5428.752,1.039,1.092,3.507
5430.003,1.145,1.093,3.537
5431.253,1.393,1.095,3.354
5432.502,1.273,1.096,3.467
5433.755,0.847,1.096,3.567
5435.005,1.088,1.098,3.585
5436.258,1.338,1.098,3.758
5437.509,1.321,1.097,3.802
5438.763,1.153,1.095,3.779
5440.014,0.856,1.093,3.828
5441.265,0.890,1.092,3.844
5442.520,2.045,1.091,3.677
5443.772,1.055,1.091,3.874
5445.027,0.868,1.092,3.731
5446.280,1.221,1.093,3.696
5447.536,1.029,1.093,3.785
5448.789,0.566,1.092,3.712
5450.043,1.030,1.092,3.729
5451.299,0.484,1.091,3.781
5452.553,1.102,1.090,3.939
5453.811,1.536,1.090,3.587
5455.065,1.060,1.091,3.769
5456.323,0.758,1.091,3.490
5457.578,1.028,1.091,3.755
5458.834,0.286,1.090,4.988
5460.093,1.291,1.089,7.136
5461.349,1.241,1.089,10.624
5462.608,0.111,1.089,11.227
5463.865,0.643,1.090,8.766
5465.125,1.494,1.090,5.599
5466.382,1.603,1.089,4.466
5467.640,1.372,1.088,4.292
5468.900,1.117,1.085,3.922
5470.159,1.159,1.083,3.705
5471.420,1.365,1.082,3.812
5472.679,0.875,1.080,3.804
5473.941,1.501,1.080,3.958
5475.200,1.658,1.081,3.781
5476.463,1.202,1.083,3.800
5477.722,1.097,1.085,3.647
5478.982,1.620,1.086,3.607
5480.246,1.242,1.086,3.636
5481.507,0.932,1.086,3.996
5482.771,0.784,1.086,4.288
5484.032,0.551,1.085,3.989
5485.297,0.571,1.084,4.069
5486.558,1.073,1.084,4.234
5487.821,0.933,1.084,4.045
5489.086,0.759,1.084,3.587
5490.349,0.860,1.083,3.838
5491.615,1.153,1.083,3.641
5492.878,1.317,1.082,3.569
5494.145,1.259,1.081,3.542
5495.409,1.432,1.080,3.586
5496.673,0.935,1.079,3.507
5497.941,0.902,1.079,3.571
5499.205,0.984,1.078,3.682
5500.473,1.077,1.078,3.926
5501.739,1.567,1.078,3.866
5503.008,1.736,1.078,3.648
5504.274,1.054,1.078,3.739
5505.540,1.088,1.078,3.466
5506.809,1.285,1.078,3.712
5508.076,1.237,1.079,3.657
5509.346,1.257,1.079,3.703
5510.614,0.966,1.080,3.898
5511.884,1.285,1.080,3.820
5513.152,1.196,1.081,3.831
5514.421,1.109,1.081,4.043
5515.692,1.116,1.081,3.979
5516.961,0.843,1.080,3.949
5518.233,1.110,1.078,3.582
5519.503,1.236,1.075,3.847
5520.776,1.092,1.072,4.110
5522.046,1.069,1.070,4.293
5523.316,1.375,1.069,4.021
5524.590,1.507,1.068,4.024
5525.861,0.724,1.068,3.810
5527.135,1.436,1.069,3.811
5528.406,0.825,1.071,4.086
5529.681,0.379,1.072,3.684
5530.953,1.098,1.073,3.819
5532.226,1.500,1.073,3.497
5533.501,1.239,1.074,3.805
5534.774,1.120,1.075,3.724
5536.051,1.016,1.075,3.496
5537.324,1.261,1.075,3.665
5538.601,1.389,1.074,3.619
5539.875,0.842,1.073,3.878
5541.150,1.215,1.073,4.056
5542.428,1.052,1.073,4.447
5543.703,1.235,1.073,5.172
5544.981,1.156,1.073,5.214
5546.257,0.835,1.073,5.261
5547.536,1.159,1.073,4.759
5548.812,1.252,1.073,4.100
5550.088,1.289,1.072,4.137
5551.368,1.016,1.071,4.150
5552.645,0.809,1.071,3.913
5553.926,0.960,1.071,3.776
5555.203,1.158,1.071,3.921
5556.484,0.948,1.070,3.829
5557.763,1.418,1.069,3.757
5559.041,0.961,1.069,3.945
5560.323,0.783,1.068,3.950
5561.602,1.270,1.067,3.865
5562.885,1.142,1.066,4.385
5564.164,1.318,1.065,5.224
5565.447,1.343,1.064,5.747
5566.728,1.371,1.064,5.087
5568.008,1.348,1.063,4.179
5569.292,1.267,1.063,4.227
5570.574,1.166,1.064,4.464
5571.858,0.878,1.065,4.387
5573.140,0.899,1.066,3.913
5574.425,0.920,1.066,0.000
5575.707,0.942,1.066,0.000
5576.993,0.963,1.066,0.000
5578.276,0.984,1.064,0.000
5579.559,1.006,1.062,0.000
5580.846,1.027,1.060,0.000
5582.130,1.048,1.058,0.000
5583.417,1.069,1.057,6.060
5584.702,1.091,1.056,4.420
5585.989,1.063,1.055,4.082
5587.275,1.132,1.056,3.971
5588.560,1.310,1.057,4.339
5589.849,1.205,1.057,5.237
5591.135,1.045,1.057,5.162
5592.424,1.190,1.056,4.646
5593.710,1.372,1.055,3.796
5595.000,0.797,1.055,3.821
5596.287,1.517,1.055,3.789
5597.575,0.604,1.055,4.133
5598.866,0.336,1.057,4.347
5600.154,1.505,1.058,4.295
5601.445,0.575,1.059,4.165
5602.734,0.967,1.060,4.009
5604.026,1.051,1.061,4.487
5605.315,1.100,1.061,5.324
5606.604,1.112,1.059,5.882
5607.897,1.220,1.057,5.627
5609.187,1.756,1.056,4.083
5610.481,1.324,1.055,4.013
5611.771,0.854,1.054,3.864
5613.065,0.955,1.054,3.863
5614.357,1.012,1.054,3.992
5615.648,0.947,1.054,3.994
5616.943,1.423,1.054,4.088
5618.235,0.970,1.054,4.655
5619.531,1.222,1.054,4.390
5620.824,1.137,1.054,4.181
5622.120,1.138,1.054,4.437
5623.413,1.364,1.054,4.610
5624.707,0.795,1.054,5.444
5626.004,0.963,1.055,5.242
5627.298,1.215,1.055,4.336
5628.596,1.290,1.054,3.935
5629.891,1.148,1.053,3.771
5631.189,0.979,1.052,3.834
5632.484,0.997,1.051,3.950
5633.780,0.781,1.050,4.207
5635.079,1.133,1.050,4.082
5636.376,1.204,1.050,3.939
5637.675,1.039,1.050,3.972
5638.972,1.100,1.050,4.136
5640.273,1.202,1.050,4.419
5641.570,0.820,1.050,4.405
5642.868,1.679,1.050,4.112
5644.169,1.370,1.050,4.292
5645.468,0.816,1.050,4.795
5646.769,1.140,1.049,5.106
5648.069,1.029,1.047,4.773
5649.371,1.269,1.045,4.294
5650.671,1.512,1.044,3.997
5651.971,1.289,1.042,4.169
5653.274,0.993,1.041,4.121
5654.574,1.143,1.040,4.152
5655.878,1.466,1.040,4.109
5657.179,1.018,1.040,4.203
5658.484,1.274,1.040,4.270
5659.786,1.290,1.041,4.235
5661.088,1.214,1.042,3.955
5662.393,1.507,1.042,3.822
5663.696,1.618,1.043,4.425
5665.002,1.067,1.043,4.638
5666.305,1.253,1.043,4.611
5667.612,0.933,1.043,4.860
5668.916,0.893,1.044,5.012
5670.220,1.425,1.043,5.586
5671.527,0.892,1.043,5.580
5672.832,0.674,1.043,6.076
5674.140,1.330,1.041,5.747
5675.445,1.016,1.040,5.371
5676.754,0.543,1.039,5.046
5678.060,1.004,1.037,5.343
5679.369,1.365,1.036,5.129
5680.676,1.015,1.035,5.248
5681.983,1.099,1.035,5.992
5683.293,0.824,1.035,6.561
5684.600,0.463,1.035,7.701
5685.911,0.656,1.036,8.003
5687.219,1.155,1.036,8.245
5688.531,1.360,1.037,8.706
5689.839,1.191,1.037,8.665
5691.148,1.099,1.037,8.470
5692.461,1.091,1.037,8.218
5693.770,1.203,1.036,7.255
5695.083,1.551,1.036,6.338
5696.393,1.077,1.035,6.019
5697.707,0.678,1.034,6.105
5699.018,1.000,1.033,6.051
5700.329,1.257,1.032,5.968
5701.643,0.962,1.030,5.919
5702.955,0.945,1.029,5.419
5704.270,1.191,1.028,5.369
5705.582,0.764,1.028,5.211
5706.898,0.851,1.029,4.919
5708.211,1.079,1.029,4.955
5709.524,0.934,1.029,5.226
5710.841,1.079,1.030,5.055
5712.154,0.985,1.030,5.216
5713.472,1.379,1.030,5.454
5714.786,1.528,1.030,5.205
5716.104,0.944,1.030,5.172
5717.419,0.555,1.030,5.153
5718.734,1.428,1.030,4.775
5720.053,0.702,1.030,4.998
5721.369,1.349,1.029,5.118
5722.688,1.611,1.029,5.022
5724.004,1.192,1.028,4.971
5725.324,1.014,1.028,4.947
5726.642,1.094,1.028,4.952
5727.959,0.758,1.027,5.027
5729.280,0.987,1.027,4.650
5730.598,1.176,1.027,4.702
5731.919,1.032,1.027,4.844
5733.238,0.745,1.026,4.680
5734.560,0.652,1.026,4.748
5735.879,1.175,1.025,4.666
5737.199,0.963,1.024,4.478
5738.522,1.115,1.024,4.573
5739.842,1.382,1.024,4.526
5741.165,1.341,1.023,4.282
5742.486,1.571,1.022,4.422
5743.810,1.134,1.021,4.547
5745.132,1.050,1.021,4.572
5746.453,1.064,1.020,4.654
5747.779,1.250,1.020,4.467
5749.101,1.421,1.019,4.596
5750.427,0.848,1.019,4.418
5751.749,0.466,1.019,4.730
5753.076,0.852,1.019,4.497
5754.399,0.857,1.019,4.512
5755.723,0.759,1.018,4.780
5757.050,1.153,1.018,4.490
5758.375,1.426,1.017,4.661
5759.703,1.049,1.016,4.723
5761.028,0.735,1.016,4.650
5762.356,1.016,1.016,4.918
5763.682,1.224,1.017,4.656
5765.008,1.063,1.017,4.691
5766.337,1.281,1.016,5.004
5767.664,1.050,1.016,5.664
5768.994,1.085,1.016,5.897
5770.321,0.935,1.015,6.580
5771.651,0.952,1.015,6.642
5772.979,1.203,1.014,5.726
5774.307,0.901,1.013,5.081
5775.639,1.180,1.013,4.813
5776.967,1.149,1.012,4.326
5778.300,1.193,1.012,4.829
5779.629,1.240,1.012,4.657
5780.962,1.174,1.012,4.530
5782.291,1.169,1.011,4.592
5783.625,0.311,1.011,4.851
5784.955,1.067,1.010,4.888
5786.286,1.467,1.010,4.794
5787.621,0.968,1.010,5.011
5788.952,0.617,1.010,5.715
5790.287,1.055,1.010,6.171
5791.619,1.616,1.010,6.663
5792.954,1.130,1.010,6.493
5794.287,0.817,1.010,5.771
5795.620,1.053,1.010,5.359
5796.957,1.149,1.009,4.941
5798.290,0.681,1.009,5.055
5799.627,0.845,1.009,4.854
5800.961,1.330,1.008,4.862
5802.299,1.018,1.008,5.045
5803.634,0.880,1.008,4.970
5804.969,1.470,1.008,5.031
5806.308,1.252,1.008,5.127
5807.643,1.040,1.008,5.119
5808.983,0.817,1.008,4.845
5810.319,1.014,1.007,5.205
5811.659,1.176,1.007,5.172
5812.996,1.066,1.006,4.996
5814.333,1.245,1.007,5.075
5815.674,0.758,1.006,5.080
5817.012,1.201,1.005,4.881
5818.353,0.918,1.005,5.271
5819.692,0.320,1.005,5.448
5821.034,0.457,1.005,5.088
5822.373,0.741,1.005,5.250
5823.712,1.391,1.005,5.216
5825.055,1.067,1.005,4.766
5826.395,1.073,1.005,4.725
5827.739,1.300,1.005,5.338
5829.079,1.185,1.004,5.163
5830.424,1.242,1.004,5.200
5831.765,1.014,1.004,5.572
5833.106,1.744,1.003,5.361
5834.451,1.305,1.003,5.291
5835.794,1.018,1.003,5.531
5837.139,1.712,1.003,5.208
5838.482,0.790,1.002,5.537
5839.829,1.149,1.001,5.538
5841.172,1.240,1.001,5.530
5842.516,1.143,1.001,5.312
5843.863,0.858,1.000,5.617
5845.207,0.712,0.999,5.408
5846.555,1.259,0.998,5.438
5847.900,0.187,0.997,5.806
5849.249,0.429,0.996,5.537
5850.594,1.201,0.995,5.714
5851.940,1.252,0.994,5.680
5853.290,1.008,0.994,5.571
5854.636,1.720,0.994,5.774
5855.986,1.109,0.994,5.879
5857.334,1.137,0.995,5.447
5858.684,1.078,0.995,5.899
5860.032,0.852,0.996,5.838
5861.380,1.075,0.996,6.027
5862.732,1.511,0.996,5.905
5864.080,0.859,0.996,6.567
5865.433,1.490,0.996,8.248
5866.782,1.087,0.995,10.547
5868.135,0.820,0.995,11.873
5869.485,1.352,0.995,10.782
5870.835,-0.098,0.994,9.404
5872.189,1.364,0.994,7.385
5873.540,0.965,0.994,7.230
5874.894,0.634,0.994,7.045
5876.246,0.850,0.993,6.941
5877.601,0.941,0.992,6.679
5878.953,1.490,0.991,6.134
5880.305,1.050,0.988,6.050
5881.661,0.840,0.985,5.787
5883.014,1.114,0.981,6.081
5884.371,1.064,0.978,6.145
5885.725,0.706,0.976,7.018
5887.082,1.112,0.976,11.613
5888.436,0.339,0.976,22.159
5889.794,2.852,0.976,38.891
5891.149,2.591,0.978,53.177
5892.504,2.400,0.979,47.215
5893.863,4.626,0.981,23.709
5895.219,2.183,0.982,22.640
5896.578,1.938,0.984,33.133
5897.935,-0.366,0.986,37.640
5899.295,0.178,0.987,19.042
5900.652,1.823,0.987,9.363
5902.010,1.110,0.987,7.161
5903.371,0.928,0.987,6.739
5904.729,0.424,0.986,6.975
5906.090,0.846,0.985,7.296
5907.449,0.771,0.984,8.121
5908.811,0.481,0.984,7.952
5910.170,0.880,0.984,7.467
5911.530,1.211,0.984,6.744
5912.893,0.961,0.984,7.225
5914.254,0.852,0.983,8.416
5915.617,0.668,0.983,10.912
5916.978,0.263,0.983,11.889
5918.343,0.449,0.983,9.794
5919.704,1.824,0.982,7.318
5921.066,0.694,0.981,6.800
5922.431,1.154,0.981,7.112
5923.794,1.011,0.981,7.636
5925.160,0.951,0.981,8.613
5926.523,1.758,0.980,8.792
5927.890,0.840,0.980,8.139
5929.253,1.875,0.980,7.218
5930.617,1.446,0.980,7.581
5931.985,1.173,0.980,9.415
5933.350,1.072,0.980,12.255
5934.718,0.584,0.980,12.356
5936.083,1.032,0.979,9.903
5937.452,1.001,0.978,7.546
5938.818,1.601,0.978,7.099
5940.184,0.955,0.977,6.951
5941.554,0.426,0.977,6.887
5942.921,1.289,0.976,6.820
5944.291,0.897,0.976,7.014
5945.659,0.357,0.976,7.944
5947.030,1.194,0.976,8.870
5948.398,0.712,0.976,8.293
5949.766,0.482,0.976,7.143
5951.138,1.560,0.975,7.518
5952.507,0.342,0.974,8.949
5953.880,1.628,0.974,10.869
5955.249,1.495,0.974,11.673
5956.623,1.253,0.974,9.393
5957.993,1.156,0.974,7.267
5959.364,0.601,0.974,6.700
5960.738,0.598,0.974,6.601
5962.109,1.062,0.974,6.699
5963.484,0.993,0.973,6.969
5964.856,0.902,0.973,6.726
5966.231,1.243,0.973,6.493
5967.604,1.527,0.973,6.675
5968.977,0.926,0.972,7.019
5970.353,0.921,0.971,7.663
5971.727,1.012,0.970,7.977
5973.104,0.603,0.970,7.562
5974.478,0.576,0.970,7.218
5975.856,0.987,0.969,7.412
5977.230,0.236,0.968,9.424
5978.605,1.436,0.968,9.292
5979.984,0.859,0.967,8.402
5981.360,0.607,0.967,7.327
5982.739,1.216,0.967,6.234
5984.115,1.428,0.967,6.284
5985.495,1.191,0.967,6.371
5986.872,0.913,0.967,6.246
5988.249,0.900,0.967,6.079
5989.630,0.874,0.967,6.180
5991.008,1.282,0.967,6.128
5992.390,1.936,0.967,6.256
5993.768,1.343,0.967,6.203
5995.150,1.194,0.966,6.075
5996.530,1.167,0.965,6.619
5997.912,1.413,0.964,6.639
5999.292,1.149,0.964,7.015
6000.672,0.414,0.964,6.477
6002.056,1.118,0.963,6.231
6003.437,1.487,0.963,6.723
6004.821,1.272,0.962,7.464
6006.203,1.069,0.962,6.984
6007.588,0.866,0.962,6.025
6008.970,0.599,0.962,5.701
6010.352,0.770,0.961,5.268
6011.738,0.811,0.961,5.457
6013.121,0.811,0.960,5.449
6014.508,1.076,0.960,5.537
6015.891,1.228,0.960,5.520
6017.278,1.013,0.959,5.365
6018.663,0.935,0.959,5.246
6020.047,0.332,0.959,5.513
6021.436,0.368,0.959,5.439
6022.821,0.930,0.960,5.155
6024.210,0.841,0.960,5.281
6025.595,0.267,0.960,5.471
6026.985,1.239,0.960,5.168
6028.371,1.073,0.960,5.639
6029.758,0.842,0.960,5.744
6031.149,0.903,0.959,5.643
6032.536,1.133,0.959,5.444
6033.927,1.339,0.959,5.475
6035.315,1.246,0.958,5.742
6036.707,0.510,0.958,5.631
6038.096,0.703,0.957,5.230
6039.485,0.989,0.956,5.142
6040.878,1.144,0.956,5.135
6042.267,1.295,0.956,5.284
6043.661,0.846,0.955,5.269
6045.051,0.779,0.955,5.074
6046.445,0.875,0.954,5.055
6047.836,0.556,0.954,5.055
6049.227,0.528,0.954,4.839
6050.622,0.931,0.954,4.842
6052.014,0.260,0.954,5.058
6053.410,0.885,0.954,4.895
6054.802,1.117,0.953,4.955
6056.198,1.225,0.953,4.706
6057.592,1.266,0.953,4.699
6058.985,0.912,0.952,4.496
6060.382,0.591,0.952,4.724
6061.777,1.130,0.951,4.804
6063.174,1.408,0.951,4.897
6064.569,1.188,0.952,4.700
6065.968,1.094,0.952,4.693
6067.363,1.397,0.952,4.837
6068.759,1.281,0.952,5.065
6070.158,0.868,0.952,5.002
6071.555,1.265,0.951,4.791
6072.955,1.612,0.950,4.644
6074.352,1.251,0.950,4.561
6075.753,0.679,0.950,4.736
6077.150,0.936,0.950,4.414
6078.549,1.239,0.950,4.504
6079.950,1.592,0.950,4.442
6081.349,1.209,0.949,4.399
6082.751,0.822,0.949,4.221
6084.151,0.936,0.949,4.500
6085.554,0.230,0.948,4.415
6086.954,0.921,0.948,4.439
6088.354,0.918,0.948,4.663
6089.758,1.093,0.948,4.452
6091.159,1.363,0.948,4.058
6092.563,1.072,0.947,4.626
6093.965,0.974,0.946,4.525
6095.370,0.695,0.945,4.781
6096.772,0.952,0.945,4.886
6098.178,0.995,0.945,4.859
6099.581,0.729,0.945,4.681
6100.984,0.788,0.944,4.341
6102.391,1.276,0.945,4.514
6103.795,1.255,0.945,4.691
6105.203,1.597,0.946,4.672
6106.607,1.304,0.945,4.820
6108.015,0.694,0.945,4.881
6109.420,0.711,0.945,4.824
6110.826,0.885,0.944,5.003
6112.235,1.200,0.943,5.316
6113.641,0.673,0.943,5.499
6115.051,0.653,0.942,5.299
6116.458,1.174,0.941,5.148
6117.868,1.179,0.940,4.953
6119.276,0.699,0.940,4.693
6120.683,0.722,0.940,4.531
6122.095,1.152,0.940,4.487
6123.503,1.284,0.941,4.527
6124.915,0.729,0.941,4.080
6126.324,0.116,0.940,4.439
6127.737,0.634,0.939,4.449
6129.147,0.762,0.939,4.502
6130.557,1.065,0.938,4.485
6131.970,1.289,0.936,4.107
6133.381,1.049,0.934,4.374
6134.795,0.515,0.934,4.451
6136.207,0.487,0.934,4.524
6137.622,1.147,0.933,4.892
6139.034,1.525,0.933,5.284
6140.446,1.309,0.933,5.951
6141.862,0.997,0.932,5.732
6143.275,0.943,0.932,5.431
6144.691,0.697,0.932,5.820
6146.105,0.833,0.932,6.069
6147.522,1.756,0.932,5.111
6148.936,1.394,0.931,4.562
6150.351,0.281,0.930,4.551
6151.769,0.353,0.929,4.673
6153.184,1.104,0.927,4.800
6154.603,1.049,0.928,4.747
6156.019,0.945,0.928,4.909
6157.439,0.983,0.928,4.898
6158.855,0.899,0.928,4.694
6160.272,0.768,0.928,4.953
6161.693,1.130,0.928,5.237
6163.110,0.918,0.929,5.253
6164.531,1.070,0.929,4.929
6165.949,1.293,0.929,4.657
6167.371,1.090,0.928,4.248
6168.790,0.662,0.928,4.805
6170.209,0.916,0.929,6.133
6171.632,1.681,0.929,7.614
6173.052,0.741,0.929,7.143
6174.475,0.951,0.929,5.388
6175.896,1.761,0.929,4.911
6177.320,1.107,0.929,5.159
6178.741,1.030,0.929,4.701
6180.162,1.231,0.929,4.112
6181.588,0.922,0.928,4.092
6183.010,1.025,0.927,4.252
6184.435,1.152,0.925,4.470
6185.858,0.832,0.925,4.651
6187.285,1.389,0.925,4.194
6188.708,0.906,0.925,4.197
6190.132,0.906,0.925,4.296
6191.559,0.583,0.925,4.365
6192.983,0.553,0.926,4.555
6194.412,1.325,0.925,4.946
6195.837,0.675,0.925,4.615
6197.265,0.716,0.924,4.056
6198.691,0.926,0.924,4.051
6200.117,0.957,0.923,4.018
6201.547,1.156,0.923,4.715
6202.973,1.447,0.923,5.984
6204.404,0.805,0.923,6.237
6205.831,0.770,0.922,5.308
6207.262,0.983,0.921,4.389
6208.690,0.988,0.920,4.097
6210.122,1.068,0.920,4.238
6211.550,1.238,0.920,4.387
6212.979,0.650,0.919,4.842
6214.412,1.002,0.918,4.912
6215.842,0.280,0.918,4.511
6217.275,0.217,0.917,3.911
6218.705,0.969,0.917,3.792
6220.139,1.168,0.916,4.293
6221.570,1.021,0.915,5.804
6223.002,0.561,0.914,6.551
6224.437,1.183,0.914,6.060
6225.869,1.273,0.913,4.753
6227.304,0.601,0.912,3.929
6228.737,0.443,0.911,4.027
6230.173,0.957,0.910,4.070
6231.606,1.155,0.910,4.133
6233.040,0.650,0.910,5.379
6234.477,0.880,0.910,8.351
6235.911,1.556,0.910,13.164
6237.349,1.459,0.909,14.665
6238.784,1.083,0.909,12.361
6240.223,0.625,0.908,9.073
6241.659,0.748,0.907,7.805
6243.094,0.996,0.907,8.016
6244.534,1.378,0.908,7.285
6245.971,1.672,0.908,6.397
6247.411,0.662,0.909,5.107
6248.848,0.494,0.909,4.776
6250.289,0.993,0.909,4.686
6251.727,1.100,0.909,4.089
6253.165,0.922,0.909,3.856
6254.607,1.065,0.910,4.123
6256.046,1.139,0.910,5.543
6257.489,1.294,0.910,9.742
6258.928,1.073,0.909,13.774
6260.371,1.001,0.909,12.415
6261.812,1.035,0.908,7.982
6263.252,0.840,0.908,5.616
6264.696,0.774,0.908,6.361
6266.138,0.294,0.907,7.595
6267.583,0.347,0.907,7.279
6269.024,0.956,0.906,5.902
6270.470,1.354,0.903,5.191
6271.913,1.236,0.897,4.800
6273.355,1.434,0.892,4.466
6274.802,0.885,0.894,4.705
6276.246,1.130,0.896,5.535
6277.693,0.877,0.898,6.282
6279.137,0.597,0.900,6.013
6280.585,1.287,0.902,5.242
6282.030,1.031,0.902,4.527
6283.475,1.108,0.901,4.127
6284.924,0.812,0.900,4.699
6286.370,0.418,0.899,6.928
6287.819,1.310,0.899,11.134
6289.266,2.878,0.898,11.698
6290.716,1.333,0.897,8.439
6292.163,1.384,0.897,5.782
6293.611,0.923,0.896,4.674
6295.062,0.645,0.896,4.500
6296.510,0.836,0.896,5.880
6297.962,-0.321,0.895,15.151
6299.411,-3.598,0.897,47.598
6300.864,-0.222,0.897,92.901
6302.313,6.479,0.897,99.429
6303.763,7.495,0.898,54.156
6305.217,3.069,0.898,16.218
6306.667,0.224,0.897,11.845
6308.122,0.914,0.896,14.732
6309.573,2.035,0.896,12.134
6311.028,1.600,0.896,6.993
6312.480,1.120,0.896,4.296
6313.932,1.105,0.896,4.014
6315.388,0.922,0.895,4.262
6316.841,0.979,0.896,4.103
6318.297,0.760,0.895,4.059
6319.751,1.287,0.895,4.428
6321.208,0.856,0.896,6.109
6322.662,0.234,0.895,7.200
6324.120,0.890,0.895,6.310
6325.575,0.521,0.895,4.848
6327.030,0.698,0.895,4.555
6328.489,0.664,0.894,6.373
6329.945,0.687,0.893,10.307
6331.405,0.963,0.893,12.075
6332.861,1.206,0.893,9.367
6334.322,1.206,0.892,5.104
6335.779,1.158,0.892,4.117
6337.236,0.787,0.891,3.909
6338.698,0.822,0.890,3.841
6340.156,1.009,0.890,3.725
6341.618,0.816,0.889,3.909
6343.077,1.117,0.889,3.908
6344.540,1.014,0.889,4.118
6345.999,1.055,0.890,4.137
6347.459,0.847,0.891,4.695
6348.923,0.694,0.891,6.071
6350.383,1.027,0.891,6.366
6351.848,0.873,0.891,5.226
6353.309,0.787,0.891,4.208
6354.774,0.678,0.890,5.059
6356.236,0.724,0.890,7.630
6357.698,1.049,0.890,9.020
6359.164,1.370,0.889,7.451
6360.627,0.852,0.888,5.711
6362.094,-1.120,0.888,11.734
6363.557,-0.763,0.887,28.461
6365.025,0.376,0.887,38.024
6366.489,1.905,0.886,32.511
6367.954,3.248,0.885,14.714
6369.422,0.285,0.886,4.463
6370.887,0.986,0.886,3.577
6372.357,1.065,0.887,3.483
6373.823,0.717,0.887,3.481
6375.292,0.759,0.887,3.639
6376.759,0.753,0.887,3.700
6378.226,0.722,0.887,4.251
6379.697,0.685,0.887,4.989
6381.164,1.229,0.886,5.101
6382.636,1.290,0.885,4.409
6384.104,0.941,0.885,4.027
6385.576,0.974,0.885,4.699
6387.045,0.754,0.885,6.202
6388.515,0.907,0.884,6.169
6389.988,0.660,0.884,4.782
6391.458,0.414,0.883,3.476
6392.932,0.684,0.883,3.533
6394.402,1.085,0.883,3.576
6395.877,0.648,0.883,3.607
6397.348,1.147,0.883,3.539
6398.820,1.174,0.883,3.338
6400.296,0.700,0.882,3.342
6401.768,0.667,0.882,3.364
6403.244,1.229,0.881,3.445
6404.717,0.882,0.881,3.315
6406.194,0.824,0.880,3.402
6407.668,0.722,0.880,3.320
6409.142,0.834,0.880,3.239
6410.620,1.025,0.880,2.951
6412.095,0.916,0.879,3.240
6413.573,0.937,0.878,3.787
6415.049,1.355,0.879,4.126
6416.528,0.741,0.880,3.941
6418.004,0.572,0.880,3.405
6419.481,0.988,0.880,3.634
6420.961,0.834,0.880,4.270
6422.438,0.827,0.880,4.465
6423.919,1.095,0.879,3.816
6425.397,1.110,0.878,3.079
6426.878,0.966,0.878,3.007
6428.357,0.841,0.878,2.879
6429.836,0.784,0.877,2.938
6431.319,0.847,0.876,2.975
6432.798,0.767,0.876,2.854
6434.281,0.828,0.876,3.036
6435.762,0.633,0.876,3.164
6437.246,0.680,0.876,3.045
6438.727,1.349,0.876,3.194
6440.211,1.065,0.876,3.121
6441.693,1.154,0.876,3.077
6443.175,0.678,0.876,3.251
6444.661,0.687,0.875,3.283
6446.143,0.931,0.873,3.187
6447.630,0.556,0.872,3.181
6449.113,0.981,0.871,3.421
6450.600,0.506,0.870,3.466
6452.084,0.706,0.869,3.574
6453.568,0.845,0.869,3.633
6455.056,0.719,0.869,3.625
6456.541,0.947,0.870,3.451
6458.030,0.888,0.871,3.680
6459.516,0.598,0.871,3.941
6461.006,0.812,0.871,3.704
6462.492,0.881,0.872,4.380
6463.979,0.635,0.872,6.330
6465.469,0.747,0.872,8.973
6466.957,1.385,0.872,9.786
6468.448,1.434,0.871,8.280
6469.936,1.299,0.870,7.389
6471.428,1.241,0.870,8.522
6472.917,1.335,0.870,8.347
6474.406,1.428,0.870,5.901
6475.899,1.145,0.870,3.704
6477.388,1.118,0.869,3.980
6478.882,0.955,0.869,4.251
6480.372,0.865,0.868,4.398
6481.867,0.855,0.868,3.527
6483.358,0.855,0.867,3.123
6484.849,1.282,0.866,2.904
6486.345,0.949,0.864,2.899
6487.837,0.902,0.862,2.777
6489.333,0.994,0.861,2.810
6490.826,0.887,0.861,2.770
6492.323,0.604,0.862,2.813
6493.816,0.334,0.862,2.891
6495.310,0.928,0.864,3.323
6496.808,0.831,0.865,4.615
6498.303,0.362,0.865,10.896
6499.801,0.609,0.865,20.072
6501.296,1.572,0.865,16.906
6502.796,1.391,0.865,6.953
6504.292,0.615,0.864,5.425
6505.788,1.145,0.863,6.701
6507.288,1.684,0.863,6.132
6508.785,1.443,0.862,4.281
6510.286,1.017,0.860,3.089
6511.784,0.540,0.859,3.000
6513.285,0.639,0.859,3.512
6514.784,0.878,0.860,4.004
6516.282,1.271,0.860,3.678
6517.785,1.446,0.860,3.249
6519.284,0.949,0.859,2.856
6520.788,0.474,0.859,3.387
6522.288,0.493,0.858,4.701
6523.792,1.045,0.858,5.970
6525.293,1.096,0.857,5.366
6526.794,0.779,0.856,4.080
6528.299,0.990,0.854,3.320
6529.801,1.066,0.854,3.196
6531.306,0.583,0.853,4.378
6532.809,0.855,0.852,9.045
6534.315,1.301,0.851,11.373
6535.819,1.382,0.850,9.014
6537.322,1.262,0.847,4.968
6538.830,0.967,0.845,3.117
6540.334,1.080,0.843,3.126
6541.842,0.904,0.841,3.623
6543.347,0.863,0.839,4.895
6544.856,1.178,0.836,6.798
6546.362,1.333,0.832,6.527
6547.867,0.909,0.828,4.626
6549.377,0.668,0.823,3.626
6550.884,0.680,0.816,3.469
6552.395,0.171,0.806,6.557
6553.902,-0.364,0.796,12.438
6555.413,0.194,0.788,13.552
6556.921,0.924,0.783,8.331
6558.433,0.823,0.782,3.937
6559.942,0.786,0.787,3.123
6561.451,0.761,0.796,4.614
6562.964,0.620,0.805,8.313
6564.474,0.515,0.814,9.112
6565.988,0.427,0.821,6.809
6567.498,0.835,0.825,4.553
6569.013,0.813,0.828,5.267
6570.524,0.865,0.832,6.143
6572.036,1.057,0.834,4.928
6573.551,0.969,0.837,3.349
6575.063,1.040,0.838,3.528
6576.580,-0.385,0.840,6.763
6578.092,0.985,0.841,10.678
6579.609,1.648,0.841,10.310
6581.123,0.601,0.842,6.093
6582.637,0.748,0.842,3.921
6584.155,0.781,0.842,4.227
6585.670,0.506,0.842,4.112
6587.188,0.768,0.843,3.480
6588.704,0.866,0.843,2.915
6590.223,0.654,0.844,2.960
6591.739,0.898,0.844,2.886
6593.255,1.461,0.844,3.269
6594.776,1.225,0.845,3.351
6596.293,0.388,0.845,4.376
6597.814,0.253,0.845,4.973
6599.332,0.832,0.844,4.482
6600.854,1.009,0.844,3.409
6602.372,0.795,0.844,3.563
6603.891,0.511,0.844,5.774
6605.414,0.956,0.844,7.334
6606.933,1.304,0.844,6.213
6608.457,0.934,0.844,3.791
6609.977,0.429,0.843,2.808
6611.502,0.762,0.843,2.693
6613.022,0.757,0.843,2.781
6614.544,0.765,0.844,2.772
6616.069,0.771,0.843,2.611
6617.591,0.743,0.843,2.846
6619.117,0.824,0.842,2.806
6620.640,0.981,0.841,2.839
6622.167,1.146,0.840,2.862
6623.690,1.034,0.840,2.795
6625.214,0.684,0.841,2.872
6626.742,0.528,0.840,3.385
6628.266,0.748,0.840,3.850
6629.794,0.606,0.840,3.979
6631.320,0.851,0.840,3.397
6632.849,0.848,0.840,3.545
6634.375,0.997,0.840,4.701
6635.901,1.044,0.840,5.171
6637.431,0.534,0.839,4.223
6638.958,0.881,0.839,3.181
6640.489,0.968,0.838,2.834
6642.017,0.620,0.838,2.936
6643.548,0.571,0.838,2.794
6645.077,0.794,0.838,2.792
6646.605,0.733,0.837,2.770
6648.138,0.870,0.837,2.836
6649.667,0.644,0.836,2.767
6651.201,0.715,0.836,2.829
6652.731,0.520,0.835,2.908
6654.265,0.410,0.835,2.883
6655.796,1.011,0.834,2.745
6657.327,0.577,0.834,2.737
6658.862,0.917,0.834,2.816
6660.394,0.908,0.834,2.977
6661.930,0.672,0.834,3.140
6663.462,0.616,0.834,3.286
6664.999,0.640,0.833,3.270
6666.532,0.627,0.832,3.290
6668.066,0.950,0.831,3.715
6669.604,0.880,0.831,3.694
6671.138,0.905,0.831,3.190
6672.676,0.995,0.830,2.777
6674.211,0.672,0.830,2.684
6675.750,0.815,0.830,2.762
6677.286,0.759,0.830,2.962
6678.826,0.950,0.830,2.850
6680.362,0.889,0.830,2.832
6681.899,0.549,0.830,2.873
6683.440,0.585,0.829,2.797
6684.977,0.810,0.829,2.993
6686.519,0.561,0.829,2.968
6688.057,0.806,0.828,2.981
6689.599,1.173,0.828,2.879
6691.138,0.987,0.828,2.745
6692.678,0.473,0.828,2.792
6694.221,0.725,0.827,2.707
6695.761,0.523,0.827,2.758
6697.305,0.798,0.826,2.800
6698.846,0.989,0.826,2.937
6700.390,0.894,0.826,3.320
6701.932,0.964,0.825,3.176
6703.474,0.615,0.825,3.024
6705.019,0.913,0.825,3.229
6706.562,0.872,0.824,3.234
6708.108,0.966,0.824,3.090
6709.652,1.014,0.823,3.169
6711.199,0.542,0.823,3.068
6712.743,1.260,0.823,2.933
6714.287,0.772,0.822,2.891
6715.835,0.743,0.822,3.364
6717.380,0.639,0.821,3.847
6718.929,0.423,0.821,3.871
6720.475,0.883,0.822,3.073
6722.025,0.681,0.820,2.771
6723.571,0.898,0.819,2.720
6725.118,0.829,0.821,2.867
6726.669,0.807,0.821,2.778
6728.216,0.909,0.820,2.727
6729.768,0.734,0.820,2.877
6731.316,0.790,0.819,3.361
6732.868,0.700,0.819,3.648
6734.417,0.614,0.819,3.215
6735.966,0.697,0.819,2.766
6737.519,0.740,0.818,2.731
6739.069,0.607,0.817,2.762
6740.623,0.936,0.817,3.022
6742.174,0.699,0.817,3.040
6743.729,0.648,0.817,3.074
6745.280,0.686,0.817,3.158
6746.832,0.737,0.817,3.156
6748.388,0.908,0.816,2.893
6749.940,0.612,0.816,2.818
6751.497,0.816,0.816,2.762
6753.050,0.794,0.815,2.730
6754.607,0.833,0.816,2.627
6756.161,0.994,0.816,2.399
6757.715,0.886,0.816,2.469
6759.274,0.951,0.816,2.643
6760.829,0.614,0.815,2.781
6762.388,0.633,0.815,2.855
6763.943,0.792,0.815,2.787
6765.503,0.822,0.815,2.673
6767.059,0.942,0.815,2.616
6768.616,1.152,0.815,2.626
6770.177,0.565,0.815,2.714
6771.734,0.760,0.815,2.555
6773.296,0.872,0.815,2.472
6774.854,0.603,0.815,2.558
6776.416,0.902,0.814,2.680
6777.975,0.965,0.813,2.802
6779.535,0.541,0.812,2.850
6781.098,1.027,0.812,2.694
6782.658,0.989,0.813,2.810
6784.222,0.546,0.813,3.080
6785.783,1.212,0.812,2.805
6787.348,0.705,0.812,2.868
6788.909,0.705,0.812,2.968
6790.471,0.919,0.811,2.911
6792.037,0.882,0.811,2.611
6793.599,0.835,0.810,2.620
6795.166,1.034,0.810,2.549
6796.729,0.581,0.811,2.505
6798.296,0.864,0.810,2.709
6799.860,0.804,0.810,2.724
6801.428,0.731,0.809,2.685
6802.993,0.811,0.809,2.735
6804.558,0.663,0.809,2.745
6806.127,0.971,0.809,2.596
6807.693,0.471,0.809,2.469
6809.263,0.496,0.809,2.606
6810.829,0.771,0.808,2.691
6812.400,0.854,0.808,2.619
6813.967,1.014,0.808,2.605
6815.534,1.121,0.808,2.491
6817.106,0.808,0.807,2.614
6818.674,0.556,0.807,2.805
6820.247,0.676,0.807,2.838
6821.816,0.671,0.807,2.872
6823.389,0.276,0.806,2.731
6824.958,1.030,0.806,2.948
6826.528,0.409,0.805,5.006
6828.103,0.056,0.805,9.402
6829.673,0.235,0.805,14.915
6831.248,0.630,0.805,17.879
6832.820,0.986,0.805,18.439
6834.396,0.447,0.804,18.524
6835.968,0.888,0.804,16.906
6837.540,1.395,0.804,11.489
6839.117,1.307,0.803,5.295
6840.690,0.771,0.803,4.642
6842.268,0.455,0.803,6.538
6843.842,0.903,0.803,6.863
6845.420,1.170,0.802,4.444
6846.995,1.214,0.802,2.666
6848.570,0.922,0.802,2.604
6850.149,0.616,0.802,2.715
6851.725,0.715,0.801,3.083
6853.305,0.504,0.801,2.938
6854.882,0.921,0.801,2.844
6856.462,0.859,0.801,2.725
6858.040,0.728,0.800,2.811
6859.617,0.757,0.800,2.803
6861.199,0.346,0.800,3.840
6862.778,-0.189,0.800,9.955
6864.360,-0.724,0.799,27.426
6865.939,1.872,0.799,24.465
6867.523,3.125,0.799,15.267
6869.102,1.346,0.799,6.192
6870.683,0.611,0.799,5.909
6872.267,0.807,0.798,7.893
6873.848,1.220,0.798,6.776
6875.433,0.944,0.798,3.567
6877.015,0.877,0.797,2.714
6878.601,0.955,0.797,2.960
6880.183,0.258,0.797,4.185
6881.766,0.602,0.797,6.011
6883.353,1.072,0.797,5.942
6884.936,1.193,0.796,4.135
6886.524,0.871,0.796,3.099
6888.108,0.217,0.796,4.693
6889.697,-0.072,0.796,8.646
6891.281,1.283,0.796,9.355
6892.867,1.603,0.795,6.149
6894.456,1.162,0.795,3.823
6896.042,0.900,0.795,3.428
6897.633,0.877,0.795,3.217
6899.219,0.667,0.795,3.995
6900.810,0.966,0.794,7.889
6902.398,1.037,0.794,9.780
6903.986,1.227,0.794,7.655
6905.578,0.987,0.794,3.776
6907.166,0.617,0.793,2.711
6908.759,0.999,0.793,2.564
6910.349,0.687,0.793,3.161
6911.942,0.604,0.793,6.975
6913.532,0.274,0.793,11.268
6915.123,0.672,0.792,10.296
6916.717,1.255,0.792,5.555
6918.308,0.491,0.792,2.832
6919.904,0.890,0.792,2.871
6921.496,0.522,0.791,5.536
6923.092,-0.010,0.791,14.422
6924.684,0.693,0.791,20.584
6926.281,1.898,0.791,16.359
6927.875,1.437,0.790,5.347
6929.468,0.522,0.790,2.959
6931.066,1.093,0.790,2.768
6932.661,0.908,0.790,2.684
6934.259,0.618,0.789,2.626
6935.855,0.918,0.789,2.600
6937.454,0.794,0.789,3.236
6939.050,0.281,0.789,6.837
6940.646,0.770,0.788,10.611
6942.247,1.737,0.788,9.397
6943.844,1.446,0.788,4.700
6945.445,0.390,0.788,3.021
6947.043,0.316,0.788,4.529
6948.645,-0.928,0.787,13.116
6950.243,0.746,0.787,21.695
6951.842,2.039,0.787,18.141
6953.445,1.816,0.787,7.574
6955.045,1.147,0.786,3.292
6956.649,1.001,0.786,3.004
6958.249,0.846,0.786,2.960
6959.854,0.604,0.785,2.890
6961.455,0.726,0.785,2.773
6963.056,0.851,0.785,2.652
6964.662,0.767,0.785,2.801
6966.264,0.756,0.784,3.085
6967.871,0.597,0.784,3.590
6969.473,0.217,0.784,5.969
6971.081,0.594,0.783,8.133
6972.684,1.109,0.783,7.065
6974.288,1.027,0.783,3.893
6975.897,0.542,0.783,3.061
6977.501,0.068,0.783,6.882
6979.110,0.352,0.783,12.994
6980.716,1.338,0.783,13.286
6982.326,1.772,0.782,7.190
6983.932,1.285,0.782,3.318
6985.539,0.885,0.782,2.875
6987.149,0.866,0.782,2.901
6988.757,1.148,0.781,3.087
6990.368,0.779,0.781,2.914
6991.977,0.552,0.781,2.838
6993.589,0.881,0.781,2.695
6995.198,0.869,0.780,2.708
6996.807,0.497,0.780,2.853
6998.420,0.846,0.780,3.034
7000.030,0.671,0.779,2.968
7001.645,0.513,0.779,3.174
7003.255,0.692,0.779,4.245
7004.870,0.538,0.779,5.793
7006.482,0.933,0.779,5.077
7008.094,1.157,0.779,3.285
7009.710,0.624,0.779,3.330
7011.322,0.141,0.778,6.603
7012.939,0.221,0.778,8.452
7014.552,0.581,0.778,6.650
7016.170,1.454,0.778,3.439
7017.784,0.746,0.778,2.478
7019.398,0.607,0.777,2.447
7021.017,0.830,0.777,2.516
7022.632,0.714,0.777,2.465
7024.252,0.765,0.777,2.328
7025.867,0.936,0.777,2.436
7027.488,0.656,0.777,2.558
7029.104,0.690,0.776,2.755
7030.721,0.639,0.776,2.917
7032.343,0.466,0.776,2.815
7033.960,0.815,0.776,2.724
7035.582,0.679,0.776,2.440
7037.201,0.531,0.775,2.466
7038.824,0.475,0.775,2.475
7040.443,0.623,0.775,2.997
7042.066,0.877,0.775,3.822
7043.686,0.909,0.775,3.920
7045.307,0.722,0.774,3.530
7046.931,0.368,0.774,4.214
7048.553,0.677,0.774,5.816
7050.178,0.910,0.773,6.556
7051.800,0.706,0.772,5.322
7053.426,0.850,0.771,3.784
7055.049,1.024,0.771,3.445
7056.672,0.881,0.771,2.994
7058.299,0.684,0.770,2.875
7059.923,0.741,0.770,2.750
7061.551,0.876,0.771,2.899
7063.175,0.741,0.771,3.194
7064.804,0.896,0.771,3.355
7066.429,0.595,0.771,3.472
7068.055,0.436,0.770,3.609
7069.685,0.718,0.770,3.592
7071.311,0.985,0.769,3.305
7072.942,0.698,0.768,3.195
7074.569,0.581,0.768,3.263
7076.200,0.420,0.769,3.239
7077.828,0.546,0.770,3.190
7079.456,0.776,0.769,3.284
7081.089,0.871,0.768,3.256
7082.718,0.837,0.767,3.650
7084.351,0.566,0.768,3.920
7085.981,0.789,0.768,3.449
7087.615,0.783,0.768,3.583
7089.245,0.682,0.767,4.405
7090.876,0.650,0.767,4.522
7092.511,0.483,0.767,3.672
7094.143,0.811,0.766,3.011
7095.779,0.885,0.766,2.835
7097.411,0.609,0.766,2.714
7099.048,0.780,0.766,2.477
7100.681,1.013,0.766,2.501
7102.314,0.316,0.765,2.646
7103.952,0.989,0.765,2.629
7105.587,0.663,0.764,2.689
7107.225,0.636,0.764,2.700
7108.860,0.883,0.764,2.645
7110.499,0.669,0.763,2.695
7112.135,0.277,0.763,2.836
7113.771,0.925,0.763,2.814
7115.412,0.664,0.763,2.557
7117.049,0.600,0.763,2.591
7118.690,0.924,0.763,2.777
7120.327,0.949,0.763,2.626
7121.969,0.506,0.763,2.526
7123.608,0.814,0.762,2.523
7125.246,0.991,0.762,2.661
7126.890,0.919,0.762,2.843
7128.529,0.771,0.762,3.240
7130.173,0.802,0.762,3.429
7131.813,1.019,0.761,3.069
7133.458,0.662,0.761,3.488
7135.099,0.235,0.761,3.447
7136.740,0.651,0.760,3.003
7138.386,1.006,0.760,2.567
7140.028,0.715,0.760,2.528
7141.675,0.553,0.760,3.052
7143.318,0.498,0.759,3.673
7144.965,0.877,0.759,4.025
7146.608,0.720,0.759,4.085
7148.253,0.500,0.759,3.763
7149.901,0.744,0.758,3.423
7151.546,0.884,0.758,3.221
7153.195,0.600,0.758,2.926
7154.840,0.924,0.758,2.655
7156.490,0.922,0.757,2.739
7158.137,0.773,0.757,2.878
7159.783,0.917,0.757,3.204
7161.434,0.949,0.756,3.279
7163.082,0.392,0.756,3.303
7164.734,0.575,0.756,3.238
7166.382,0.901,0.756,3.255
7168.034,0.935,0.755,3.309
7169.683,0.805,0.755,3.301
7171.337,0.808,0.755,3.269
7172.987,0.837,0.754,3.204
7174.637,0.823,0.754,3.223
7176.291,0.670,0.754,3.621
7177.942,0.655,0.754,3.596
7179.597,0.727,0.753,3.506
7181.249,0.585,0.753,3.362
7182.905,1.019,0.753,3.304
7184.557,0.891,0.753,3.202
7186.210,0.802,0.753,2.914
7187.867,0.897,0.753,2.595
7189.521,0.961,0.753,2.594
7191.179,0.943,0.753,2.572
7192.833,0.818,0.752,2.539
7194.492,0.440,0.752,2.472
7196.147,0.489,0.752,2.639
7197.802,0.820,0.752,2.536
7199.462,0.876,0.752,2.565
7201.118,0.560,0.751,2.785
7202.779,0.584,0.751,2.788
7204.436,0.741,0.751,2.641
7206.097,1.041,0.751,2.639
7207.755,0.908,0.751,2.456
7209.413,0.551,0.750,2.682
7211.075,0.874,0.750,2.643
7212.734,0.581,0.750,2.540
7214.398,0.874,0.750,2.516
7216.057,0.887,0.750,2.527
7217.721,0.552,0.749,2.548
7219.382,0.602,0.749,2.596
7221.043,1.149,0.749,2.686
7222.708,0.481,0.748,3.022
7224.369,0.548,0.748,3.221
7226.035,0.632,0.748,3.170
7227.697,0.654,0.748,2.903
7229.364,0.709,0.748,3.052
7231.027,0.512,0.747,3.226
7232.691,0.725,0.747,3.243
7234.359,0.608,0.747,3.381
7236.023,0.992,0.747,3.682
7237.691,0.483,0.747,7.703
7239.357,-1.023,0.746,20.318
7241.026,-0.562,0.746,39.813
7242.692,1.954,0.746,55.493
7244.358,0.678,0.746,33.037
7246.028,0.440,0.745,38.323
7247.695,1.856,0.745,35.555
7249.367,2.311,0.745,16.224
7251.034,1.006,0.745,6.067
7252.706,0.444,0.744,7.802
7254.375,0.786,0.744,11.661
7256.044,1.005,0.744,11.227
7257.717,1.101,0.744,6.809
7259.387,1.134,0.744,4.126
7261.061,0.712,0.743,3.250
7262.731,0.647,0.743,3.211
7264.406,0.944,0.743,3.303
7266.077,0.841,0.743,3.298
7267.748,0.713,0.743,3.902
7269.424,0.772,0.742,4.495
7271.097,0.643,0.742,4.562
7272.773,1.235,0.741,4.030
7274.447,-1.347,0.734,10.620
7276.124,-0.873,0.732,32.267
7277.798,2.353,0.736,60.155
7279.472,3.927,0.741,40.909
7281.151,2.246,0.741,12.960
7282.826,0.600,0.741,7.620
7284.505,0.093,0.741,17.916
7286.181,1.461,0.740,24.094
7287.861,2.486,0.740,16.372
7289.538,1.576,0.740,6.234
7291.215,0.417,0.740,3.818
7292.896,0.770,0.739,4.061
7294.574,0.356,0.739,4.941
7296.256,0.316,0.739,8.098
7297.934,0.866,0.739,9.214
7299.617,1.211,0.738,6.221
7301.296,0.781,0.738,3.379
7302.980,-0.086,0.738,7.789
7304.660,0.463,0.738,15.117
7306.341,1.249,0.737,14.867
7308.025,1.366,0.737,7.520
7309.707,0.861,0.737,3.946
7311.392,0.531,0.736,4.150
7313.074,1.273,0.736,4.708
7314.761,-0.769,0.736,10.571
7316.443,-1.680,0.736,35.027
7318.126,1.610,0.736,51.487
7319.814,4.989,0.736,31.313
7321.498,1.684,0.735,7.170
7323.186,0.927,0.735,3.388
7324.871,0.719,0.735,2.921
7326.560,0.514,0.735,3.419
7328.245,0.188,0.735,9.164
7329.931,0.467,0.735,23.101
7331.622,2.128,0.734,22.348
7333.308,1.955,0.734,10.502
7334.999,0.998,0.734,3.908
7336.687,0.586,0.734,2.858
7338.379,0.105,0.734,4.268
7340.067,-1.925,0.734,25.661
7341.755,-3.253,0.733,75.343
7343.448,0.736,0.733,0.000
7345.138,4.726,0.733,20.252
7346.831,1.701,0.733,5.753
7348.522,0.785,0.733,3.658
7350.216,0.698,0.733,3.695
7351.907,1.030,0.732,3.941
7353.598,0.827,0.732,3.822
7355.294,1.186,0.732,3.753
7356.986,0.306,0.732,5.576
7358.683,-0.421,0.732,15.129
7360.375,0.744,0.732,20.557
7362.073,2.215,0.731,13.123
7363.766,1.227,0.731,5.284
7365.460,0.716,0.731,3.510
7367.159,0.616,0.731,5.446
7368.854,-0.627,0.731,21.509
7370.553,-1.027,0.731,44.049
7372.248,2.857,0.731,35.140
7373.948,2.172,0.730,12.288
7375.645,0.994,0.730,4.271
7377.342,0.689,0.730,3.587
7379.043,0.724,0.729,3.153
7380.740,0.715,0.729,3.070
7382.442,0.829,0.729,2.901
7384.141,0.373,0.729,2.924
7385.843,0.542,0.729,2.911
7387.543,0.966,0.729,2.840
7389.242,0.882,0.729,3.428
7390.946,0.214,0.729,6.824
7392.646,0.084,0.728,14.183
7394.351,1.766,0.728,14.534
7396.052,1.693,0.728,8.638
7397.758,0.889,0.727,3.480
7399.459,0.197,0.727,3.979
7401.162,0.067,0.727,13.376
7402.868,1.225,0.726,33.914
7404.571,2.655,0.726,24.950
7406.279,1.763,0.726,9.918
7407.983,0.826,0.726,3.279
7409.691,0.613,0.726,2.559
7411.395,0.633,0.726,2.888
7413.100,0.841,0.726,3.399
7414.810,0.897,0.725,3.659
7416.516,0.602,0.725,3.361
7418.226,0.530,0.725,3.171
7419.932,0.670,0.725,3.014
7421.643,0.815,0.725,2.748
7423.351,0.993,0.726,3.037
7425.059,0.863,0.726,2.774
7426.771,0.829,0.726,2.915
7428.479,0.349,0.726,4.026
7430.192,0.493,0.725,7.843
7431.902,1.302,0.725,7.966
7433.615,0.858,0.724,5.600
7435.325,1.083,0.724,3.386
7437.040,0.028,0.723,5.299
7438.751,0.790,0.723,12.748
7440.462,2.032,0.723,16.843
7442.178,1.526,0.723,10.394
7443.890,0.806,0.723,3.872
7445.607,0.774,0.723,2.728
7447.319,0.636,0.723,2.687
7449.037,0.415,0.723,2.719
7450.750,0.470,0.723,2.786
7452.464,0.658,0.723,2.768
7454.183,0.452,0.722,2.822
7455.898,0.678,0.722,2.786
7457.617,0.801,0.722,2.934
7459.333,0.969,0.722,3.192
7461.053,0.878,0.721,3.888
7462.769,0.617,0.721,5.441
7464.486,0.800,0.722,6.814
7466.207,0.152,0.722,8.110
7467.925,0.873,0.722,9.114
7469.647,0.706,0.721,8.379
7471.365,0.250,0.721,8.985
7473.088,0.300,0.721,13.039
7474.807,-0.330,0.721,13.670
7476.527,1.428,0.720,10.651
7478.251,0.761,0.720,7.732
7479.971,0.323,0.720,12.170
7481.696,0.565,0.720,15.799
7483.417,0.599,0.720,17.532
7485.143,1.167,0.720,17.806
7486.865,1.601,0.719,10.534
7488.587,1.188,0.719,4.784
7490.314,0.743,0.719,3.359
7492.037,0.408,0.719,3.595
7493.765,0.226,0.719,5.843
7495.489,0.679,0.719,7.234
7497.217,0.884,0.719,5.500
7498.942,0.960,0.718,3.108
7500.667,0.718,0.718,2.909
7502.397,0.656,0.718,2.996
7504.123,0.872,0.718,2.955
7505.853,0.633,0.717,2.721
7507.580,0.901,0.717,2.679
7509.311,0.737,0.717,2.758
7511.039,0.837,0.717,2.689
7512.767,0.803,0.717,2.549
7514.499,0.464,0.717,2.451
7516.228,0.790,0.717,3.208
7517.961,0.539,0.717,4.528
7519.690,1.222,0.716,4.799
7521.424,0.554,0.716,5.366
7523.155,-0.842,0.716,17.293
7524.885,-0.240,0.716,42.577
7526.621,2.698,0.716,48.117
7528.352,2.600,0.716,14.910
7530.088,1.029,0.715,8.433
7531.820,0.359,0.715,12.894
7533.557,0.949,0.715,11.940
7535.290,1.450,0.715,5.466
7537.024,0.750,0.715,3.235
7538.762,0.897,0.715,3.530
7540.496,0.279,0.715,5.390
7542.235,0.536,0.715,6.163
7543.970,1.021,0.715,4.625
7545.710,0.757,0.714,3.162
7547.446,0.922,0.714,3.085
7549.182,0.839,0.714,3.040
7550.923,0.746,0.714,2.963
7552.660,0.590,0.714,3.167
7554.401,0.509,0.714,3.681
7556.139,0.338,0.713,5.110
7557.882,-0.144,0.713,9.544
7559.620,0.943,0.713,10.668
7561.359,1.194,0.713,6.728
7563.103,0.853,0.713,3.547
7564.843,0.686,0.712,3.109
7566.587,0.801,0.712,3.303
7568.328,0.631,0.712,4.427
7570.073,-0.134,0.712,7.922
7571.815,-0.437,0.712,23.107
7573.561,1.085,0.712,34.943
7575.303,2.398,0.711,20.349
7577.046,1.607,0.711,6.916
7578.793,0.542,0.711,3.430
7580.537,0.773,0.711,2.782
7582.285,0.794,0.711,2.830
7584.029,0.452,0.711,3.787
7585.778,0.335,0.710,8.846
7587.523,0.760,0.710,12.979
7589.268,1.341,0.710,9.936
7591.018,1.586,0.710,4.362
7592.765,0.712,0.710,3.034
7594.516,0.721,0.710,3.249
7596.263,0.494,0.710,4.646
7598.014,-0.746,0.710,16.873
7599.762,0.138,0.709,31.942
7601.511,3.086,0.709,26.991
7603.264,1.973,0.709,9.605
7605.013,0.931,0.708,5.477
7606.766,0.985,0.707,5.438
7608.516,0.605,0.708,5.188
7610.271,0.485,0.708,5.124
7612.021,0.968,0.708,5.439
7613.773,1.283,0.708,5.032
7615.528,1.154,0.708,4.437
7617.280,-0.023,0.707,7.608
7619.037,-0.724,0.707,13.186
7620.790,1.904,0.707,10.482
7622.547,1.654,0.707,7.426
7624.300,0.838,0.707,5.749
7626.054,0.806,0.707,5.646
7627.813,0.132,0.707,14.566
7629.568,-0.624,0.707,25.089
7631.327,1.963,0.706,21.778
7633.083,1.937,0.706,10.611
7634.843,0.561,0.706,4.598
7636.599,0.512,0.706,3.722
7638.356,0.825,0.706,3.661
7640.117,0.373,0.706,3.778
7641.875,0.798,0.706,3.798
7643.637,0.390,0.706,3.937
7645.396,0.895,0.705,3.575
7647.159,0.988,0.705,3.444
7648.918,0.579,0.705,3.341
7650.677,0.491,0.705,3.604
7652.442,0.536,0.705,5.289
7654.202,0.279,0.705,8.553
7655.967,0.501,0.705,7.948
7657.728,1.042,0.705,4.568
7659.494,0.874,0.704,3.004
7661.256,-0.053,0.704,6.172
7663.019,0.054,0.704,12.778
7664.786,1.190,0.704,13.189
7666.549,1.481,0.704,6.965
7668.317,1.100,0.704,3.105
7670.081,0.750,0.704,2.804
7671.850,0.705,0.704,2.929
7673.615,0.757,0.703,3.144
7675.380,0.993,0.703,2.957
7677.150,0.624,0.703,2.658
7678.916,0.688,0.703,2.579
7680.687,0.840,0.703,2.763
7682.454,0.728,0.703,3.606
7684.225,1.295,0.703,4.104
7685.993,0.668,0.703,4.364
7687.761,0.702,0.702,5.156
7689.534,0.877,0.702,5.374
7691.303,0.741,0.702,5.387
7693.077,0.692,0.702,6.525
7694.846,1.073,0.702,5.842
7696.621,0.615,0.702,4.372
7698.391,0.521,0.702,4.931
7700.162,0.469,0.701,7.722
7701.938,0.540,0.701,7.980
7703.710,0.869,0.701,5.305
7705.486,0.789,0.701,3.584
7707.259,0.484,0.701,3.066
7709.036,0.888,0.701,3.248
7710.810,-0.390,0.701,9.659
7712.588,-0.873,0.700,28.654
7714.362,1.244,0.700,61.323
7716.137,1.400,0.700,54.616
7717.916,1.061,0.700,56.878
7719.691,2.719,0.700,40.804
7721.472,2.052,0.700,16.814
7723.248,0.513,0.700,8.154
7725.029,0.699,0.700,12.069
7726.806,-0.062,0.700,16.549
7728.584,1.615,0.699,12.298
7730.366,1.504,0.699,7.029
7732.144,0.865,0.699,3.981
7733.927,0.778,0.699,4.656
7735.706,0.843,0.699,6.407
7737.490,0.768,0.699,6.505
7739.270,0.937,0.699,5.151
7741.051,0.709,0.699,4.579
7742.836,0.784,0.699,4.651
7744.617,0.922,0.699,4.079
7746.403,0.749,0.699,4.066
7748.185,0.365,0.698,7.586
7749.972,-2.657,0.698,41.966
7751.754,-1.275,0.698,78.231
7753.538,2.792,0.698,60.711
7755.326,3.557,0.698,19.955
7757.110,0.397,0.698,5.884
7758.899,0.539,0.698,11.620
7760.683,-0.415,0.697,24.508
7762.473,1.604,0.696,25.364
7764.259,2.031,0.695,11.319
7766.045,0.917,0.694,3.587
7767.836,0.898,0.693,3.262
7769.623,0.613,0.693,3.760
7771.414,0.719,0.694,5.169
7773.202,-0.198,0.695,11.345
7774.995,0.612,0.696,15.778
7776.783,1.773,0.696,10.668
7778.572,0.719,0.697,6.376
7780.366,-0.282,0.697,14.823
7782.156,1.176,0.697,20.890
7783.951,1.553,0.697,13.108
7785.741,1.078,0.696,5.408
7787.537,0.625,0.696,4.550
7789.328,0.548,0.696,4.184
7791.120,0.587,0.696,6.158
7792.917,-1.197,0.696,18.475
7794.709,-0.912,0.696,48.122
7796.507,2.258,0.696,44.764
7798.300,3.572,0.696,20.978
7800.099,1.069,0.696,4.986
7801.893,0.975,0.696,3.152
7803.688,0.620,0.695,3.192
7805.487,0.784,0.696,3.637
7807.283,-0.161,0.696,8.972
7809.083,-0.666,0.696,22.950
7810.880,1.023,0.696,24.340
7812.681,2.046,0.695,11.584
7814.478,0.767,0.696,5.011
7816.276,0.802,0.696,4.611
7818.078,0.839,0.695,4.781
7819.877,-0.376,0.695,12.677
7821.680,-1.311,0.695,47.719
7823.480,1.023,0.694,71.576
7825.284,4.014,0.694,37.579
7827.084,1.601,0.694,7.265
7828.884,0.395,0.694,4.107
7830.690,1.089,0.694,4.011
7832.491,0.625,0.693,3.441
7834.297,0.928,0.693,3.716
7836.100,0.596,0.694,3.863
7837.907,0.938,0.694,3.505
7839.710,0.132,0.693,6.703
7841.513,-0.482,0.693,18.254
7843.321,0.887,0.694,27.277
7845.126,1.675,0.693,14.328
7846.935,0.983,0.693,4.380
7848.740,0.483,0.693,6.704
7850.550,0.454,0.693,12.939
7852.356,-0.582,0.693,36.283
7854.167,-0.885,0.693,79.471
7855.974,4.058,0.693,79.368
7857.781,1.891,0.692,28.315
7859.593,0.060,0.692,21.546
7861.401,-0.663,0.692,36.474
7863.214,0.380,0.692,27.593
7865.023,2.588,0.692,11.213
7866.836,1.418,0.692,8.633
7868.646,0.578,0.691,17.264
7870.456,-0.529,0.691,33.682
7872.271,0.478,0.691,43.150
7874.082,2.418,0.691,24.270
7875.898,2.174,0.691,7.375
7877.710,0.074,0.692,7.627
7879.526,-0.827,0.690,18.146
7881.339,0.989,0.690,24.755
7883.152,1.501,0.690,23.023
7884.970,0.873,0.689,14.397
7886.784,0.874,0.688,7.007
7888.603,-0.518,0.687,11.981
7890.417,-0.881,0.688,31.021
7892.237,1.363,0.690,38.061
7894.052,2.364,0.689,16.791
7895.868,1.267,0.688,5.315
7897.689,0.300,0.690,4.413
7899.506,0.469,0.692,4.006
7901.328,0.321,0.690,3.721
7903.145,0.520,0.689,3.670
7904.968,1.067,0.690,3.996
7906.786,0.978,0.691,4.045
7908.605,0.295,0.690,4.145
7910.429,0.438,0.689,5.749
7912.249,-2.456,0.689,28.825
7914.073,-4.515,0.688,72.543
7915.894,1.486,0.689,155.302
7917.719,6.007,0.689,59.452
7919.541,0.698,0.689,17.128
7921.363,-0.011,0.688,33.925
7923.189,2.138,0.687,42.186
7925.012,2.640,0.689,20.751
7926.840,1.309,0.690,6.161
7928.663,0.123,0.690,4.593
7930.491,-0.191,0.690,13.200
7932.316,-0.853,0.690,27.704
7934.141,1.862,0.690,27.038
7935.970,1.900,0.690,10.051
7937.796,0.913,0.690,3.824
7939.626,0.686,0.689,3.379
7941.453,0.752,0.689,3.384
7943.284,0.562,0.689,3.832
7945.111,0.650,0.690,5.192
7946.939,0.347,0.690,7.210
7948.772,-0.651,0.690,15.412
7950.600,0.051,0.689,23.830
7952.434,2.542,0.688,18.761
7954.263,1.270,0.686,6.506
7956.097,0.456,0.685,3.090
7957.928,0.404,0.687,2.846
7959.758,0.636,0.689,2.895
7961.594,0.234,0.689,3.629
7963.425,-2.013,0.688,17.580
7965.262,-4.286,0.689,62.467
7967.094,4.638,0.689,65.965
7968.931,4.813,0.690,31.750
7970.765,1.790,0.690,8.237
7972.598,0.997,0.690,5.260
7974.437,0.844,0.690,4.015
7976.271,0.472,0.690,5.786
7978.111,-0.588,0.689,14.401
7979.946,-1.189,0.689,29.836
7981.786,0.843,0.689,36.744
7983.622,2.457,0.689,14.866
7985.459,0.916,0.689,4.547
7987.300,0.811,0.689,3.775
7989.138,0.816,0.689,4.550
7990.980,-0.125,0.688,7.694
7992.818,-3.961,0.686,36.846
7994.662,-2.095,0.687,86.214
7996.501,0.055,0.688,0.000
7998.345,2.204,0.689,15.604
8000.185,0.738,0.687,5.081
8002.025,0.609,0.687,4.263
8003.870,0.631,0.688,3.963
8005.712,0.732,0.687,3.656
8007.558,0.790,0.686,3.232
8009.400,0.689,0.688,3.126
8011.247,0.565,0.688,3.613
8013.090,0.220,0.688,10.048
8014.933,-0.049,0.687,22.015
8016.781,0.933,0.687,22.512
8018.626,2.366,0.687,10.316
8020.475,0.671,0.688,5.854
8022.320,0.778,0.687,6.313
8024.170,-0.436,0.688,11.941
8026.016,-0.605,0.688,34.616
8027.862,1.690,0.687,44.675
8029.713,3.680,0.687,30.533
8031.561,1.506,0.688,10.037
8033.413,0.743,0.688,5.556
8035.261,0.918,0.687,4.205
8037.114,0.869,0.686,3.536
8038.963,0.587,0.687,2.917
8040.812,0.470,0.688,3.127
8042.666,0.314,0.688,3.167
8044.516,0.677,0.688,3.124
8046.371,0.478,0.687,2.836
8048.222,0.606,0.687,3.169
8050.078,0.571,0.688,5.235
8051.930,-0.285,0.688,13.478
8053.783,0.013,0.687,18.077
8055.640,1.656,0.687,11.599
8057.493,1.079,0.687,3.927
8059.351,0.234,0.688,3.698
8061.205,-0.203,0.688,13.688
8063.064,-0.204,0.687,33.265
8064.919,2.246,0.687,36.193
8066.774,1.696,0.688,12.408
